start_point,endpoint_hash
KQQHZ,5fe1c64f080a1ef56eae46a86428113f
YWJUE,5dc0781d2420b4ca896cdd5e15d2ecda
CYPXN,3e07dc1de68041c6793787d83971b27b
NLKSN,c665be6fed18ce75838908bff978a60f
LJNZZ,28d9dc5774a3ddc389469db642cda9f7
QYOXR,71bc75f412497651127b824de090f047
JXAMA,cef95a7452631ed4309284d5c5299214
OATIX,c4b0430fdeb84d574817c3a993c0e44a
AGSJF,2bbbfc2bac6148d3e24a63ecc3da5386
KEDPW,0a9cb0c881e9356fd1267668cb368c77
PPUYT,21d2cb4cf264ca54c49550b6c77b715a
AAIUL,d30de26499273f7ec2b3c238359d8411
IVATD,49a200dfbf16bc89d54b2747089fd646
DCKUK,098fd71d2d956a8907ace0678438d5d0
QBOXM,6278c0cd1897c803593f4f8b43982614
DQMGN,8561ba9ad65c6fce63a59e81ab1cd2db
YHKAP,2ecf6fe07ed5637dd5cf2564d140ab1a
AWPSL,e8b770f11d4c3298e39807283f0cb833
PHWJK,3e4b33f51ea57e1ea7947315ceb0389a
HCNFG,6cb0341ffec965c4e164c84c6f7784e5
MMDTO,b9cde77c1f8c3f265ea4b94571255b71
KBIEB,2aeb3f64bb810430f60821b8765c046d
DCCVB,c849b90a1a67c09318ba6368eafcdb51
YEQTY,bdc79d63048bc50acc89b3fb727d1d88
BSBSN,6e186c4f48825a5ebb884419220b9771
TDSOM,40b0357141006d16d9b0737d27af383c
SUGUV,fccb9430fb63c49721ee4b960efeb3b4
YHEJD,14535cad899b7e19497867fc8052fbea
MAVZP,068c122f194362149066898b2636a516
VDCTD,2a902b62159b06a15ae2d0cc69818cd8
PTVWV,7d4460971d0bdfcb44bf88209a51d2fb
LVOXF,ff6e72145206cff6035ea75f7614781b
JPDLV,0a02c71aaa01148a48d342775f42805e
ZJTJT,892fa1d4613d8568ce9adcd4546f321c
EZAHZ,08247bc7b4d7a994394a09594781477b
RCMEK,2fb4dbfbe587efb86a4fba84e76dbe7f
FSGNA,7f7126fe062c9780c7c94adbf65b7e3b
SGYFS,ee89bf1959aeb561aa79dc35660405e2
QXMMX,e0a8cbe08a9cc89bc4813644126bd31d
ZFDGT,246c726b609427a7e913a505c757f668
VCIAX,d01abc4013ea606d01eb58363610a890
HZKKF,d695d0b586a474cfae5e449d0f0d9d86
SZJUH,f9de0a2e2dbc4a53be8199c064d4a29d
TBMHD,3ed5a96716010bdecc2f907f164b980b
FXGFI,bba5a92539ff1daa782d7c5588ca05e2
PLQCL,aa3612cde6203d3adef456bd82ff111a
CGSTU,73d77bf49faa9979b09545036f0d50cc
JHZCD,61220b368dc417e83796d141b7976321
HZAFO,1189c57b09252813e8602715e54025f9
RRHCZ,41c797007ff35e5dfa35aa066e15448d
BIGCY,83792144e0ffe2bb7ea5a55a6e247db7
MORUK,10ab8856a9156e3a5e6daa1e3234ba44
NBUAT,7e377ed74b8d3f53d6157b7a2a1d04c2
HDQJT,c3ed3251f1c9d76241ffe2f423670580
VEWUN,b35e34f6494d5b436100e21a1bf7d27e
GCMKJ,b1a8583b90b71c5e1cff9e7a00034c2e
CZYYR,e186ba2bb3d8a03b68901dd47798063f
SNEOH,71cdd70d14aac36298b71d4df8519111
MZKXQ,681e5d5a8291b4430798d26982a80851
WKMIO,f81b716925daa08cec5b494de0a30621
DAZNT,a173331438c32c922140eb69a5e72006
ABOHK,6fb78675c1535077eefea8d9fcf34e1f
GCIND,6dad35a1c80c554ba19ca88c14fee5b6
KSVZY,f4e3004a83ecc7e407f81cd84cb936df
LJUNE,8bd03efd8ed1dffcbd5071bc88981b4b
UGHJC,6e009089194ff24c2cb0f08393c7f61d
XVMRO,6369b649137741b0fef3b878377a7df4
WFRZU,708e48f839b42c35a01239f7cfd4f858
BGCKA,c65f1eab24a6773db5d3f84f5e601d6c
MSTWG,c6cb24162c36e53f2ba50b77700c7a68
NGMAG,72e5ff9eb3b5d6301d0855564d9b8dce
PUIZA,ccace9f47639e9dc41956d6107b9011e
RGWIB,39fafb20cdae41f456c769054e1b61d5
ENXUJ,b438ddb710d18a3642be728058bc543d
UIFYI,7f229f6078078a4d71d1b210a9f01a5e
OCYWX,415b115d1927af574c132c005621ca76
ECBDG,c156a2c60a9560fc61adf04702f687d8
GGDMG,24922da655ff9b9f665f72d1cb124173
BBKRR,cbd4fac6d636cec6061ff9927472d939
JHJJW,54e697570714dfa9a3c14fa5e44a32c6
KWKXQ,4ed5ae81d3a604aa0702baecad2b8418
JGLHP,aad27619f97d1e82308077db12f67cce
BMHTR,4a2baebad2d77d2ce9022c02d12ee365
GVYVM,4c3ea84f169039588be98f5b4f4b330f
VWOSQ,aecdb98bb237d351cd70e5089013426b
ITZAH,de3f10ca601246c023a620b75315d84c
VOUIP,3885c2b72c932fa0a4ffca349218547b
NENWP,2daf6d4ba56c4a08935087ea1e9c0c78
ZFEGK,1ff2dbcf3648de5d40e59b36b4363c47
KDQVC,20c426fe14313e92f890a3de45f995b2
KZCKL,8031f3ed351357339670ead7da18002c
MTOHH,c07c009ae687cb2ea42d04548ab73324
LRGUE,d3d8d6589b66c3e963c097ffd0a45048
HBFFY,802b5cfdfac5ea01959dcb9851279483
MYWEI,be3693a40e3dcc92c24dc622aa7177bc
EZZWY,6b6f5415af8be327dcd40de77cc5741e
FQLGL,ea589d4dca6105d5a5fd8bfcb83a5bf1
CVMHA,418dc4b51a1fd0dfb1631efdb5748ba7
MMSGS,0336a42afe848e6ecb4518a0ea99a974
XZWDE,d760916e5b0f7fb696e135a576c40e44
LFXAV,7adfe076b7463386a6ef87ed7ab6e28e
PNEDU,f57b3b596d4c03304bcaa0b9c1d0e9a4
LHDQB,bbcef9829ac3fc09ff3800bbf79d8c0d
ZAMFU,a76ec855377595ea5a89cbcbccd2a9a5
RAMTP,90e4cf32e3d432deec7ede8b886cc124
NQPGH,5b8e2aeeca7f5ca8c8d642f9db34fbdc
TOJVM,98632cb81f1af6172c8d9f4b86119b98
TQHOU,b3aafdcfddfe20812d66dc85f75d99c8
JFHWC,c8f80985a342f15ca676bf2389119467
IAODG,d3be7e5fb570ee91fec9663bd3c701ef
AOUFR,c293d8818db96cfdb6016616bead5c6a
FWWOD,eae5ab720bc8629035cfa0a1d7ed848e
KDYUO,9fa5aeaa78ffd452717427912b1209f5
TBNJV,7b52f05585a2f541dfe5894c5d61f3d7
UIDSV,1fbdf54007b5014c1fabc77b8dd2a47a
CONDO,0283b9d502213376674aa41e771ecc5a
GQOLL,931e5a7124c41be7de41b0f56efcaae2
ZLTRG,6c2a338f449fc6e98b00aac37de270fd
SLNRA,e722619e222a26605ef0667b7e104c1f
MQYXS,ddcec2ac52bc3a96d7dd790049df3f3d
LZZAU,2e667cdd47e92a89eed7372e0d4dda8b
HJIKE,8e4edcf33638a6f915d56da9af58af8e
SCKHX,a5e7565cba78d983990a370ddfb7968a
FDYTD,d7e02fdd7a2f01a6cb299e741b73ada0
ICORE,c5e1638f653fe383da42bc7750f379b9
YCPHK,70067a645a7fbebbea1d4c4a582cefd6
QQGIB,5d1c451996fb4c36be8bc820b7e87abf
NDXDZ,aa89b1c6f49a6ea52c31bb93b0192458
BPUTK,f9b01b3c76cb2db60f5306aa29153363
ZAHLS,033665a566a9d2595d3d59d1d0bfe6bb
STRWD,3f90d3ce9aea3de8a3db60309389fc71
CZHYY,0ec777f1a2f383f5db3e1eb892e5ff75
FZPCC,273089fdbebb615bcf439b69e74c7b0d
IUPPM,5798a17a09b98e6b16d856dc1aaf0381
SJIWJ,094e4ca7f17ac8222342238ad20206c9
KPTIH,6fe2e274c13a1e36a041e5cfc1fc2f29
KTRYF,92be0f459e239596b1d4456d385c5838
KCZRA,9b0794179f6afdb7525f1ef544a71c3b
RHEBY,7e8558ef84fe4d0405ebe8b0789f24de
YMFQS,b84a77b5e30774db6a7a9cd32bdf0d67
NAWFA,34aa497a6d1c121bcd80fa32eb165109
OJKYC,03a2677e5169cd0e51fd39b4062b1a24
ZPBCY,a5c86e7c611e4ad8a116a49c040fa8be
ZGYIN,0ffe957962ba1eac67a60074c3de19a4
EPCKD,62782bf4a592f9848720da14873d56d6
JHIXL,339ec882333fcd8db7ef03f9f2de77db
XPNWG,3550c676f69bece254da8c4bf09ea91b
IKIJA,58be19b20a31e009cc2579cead85900a
VNELC,7e7da376ae2bc10a8c83e015f1be2e6e
ESNNM,0f559b1561dfc98a67ee3f45bdcb2a0e
APYPQ,f28fed1389611de096f176574b63cf83
WKDQZ,b085beb939b7dfb6a7a75e39453e6898
BIFVO,11c07bec1a90d91c8170485199b188e0
CIUHF,0b024ae55c7ba505c07373e2db5bed79
XJJVW,d6a1434e2623247e820d26c67ccdce24
IDXWD,ddc925e9aa97698f01039d16f04195ff
QLQJV,fd4410b1b1b593c9c2048dcff2ea2e6b
JHCBY,44570218faf16d536de524db1fcc0caf
VIXUV,c6c813b2985390b8e91d6d097b60b34b
VXYLI,5304e628069d3709c8f7db14d9b24a31
WWGOZ,2b5ca8e34155b4f4e46cfdd0949ec72a
EATYZ,20e6239488532ef54ab2687cf513aa74
ZYMRE,c874268a29f4fc310fc67499ed87a0c1
FIUAV,291334dd2860acaed1f2681d9effd32b
EWQOO,04c702c870afac433f559fb156601ae2
IEAMC,030ed93fb10a5809010891cc34e63ab3
FHVET,ed0bb045c6f30125d9ee78d95cff982a
VYNLN,5b48d97aa1a52c0950512a1256fdd7bf
NTLRL,d1aa36db13d4cdaf53c6d62461af033f
XCNMB,5f73cdf7e617b9068c52b567640f3c3b
KOWKP,818cd9ba6e4d7c32ffc20a544fc69e04
WXFPC,5f9855aa8a516e93495cbd91ca96116a
XVKDM,407cc807f81b4edd7533680b0faa6d46
VHDBO,ab9f7c236ff57bb0c48bcf860453b521
UQSGK,9aa53cd080c9e48a2a499bd464d7df03
LOHPP,55c1c0dab192a8c002f051b3300ff63c
CDPEQ,8d17a6da7dc65f4f409fcefae32a5dd2
PBQXJ,bc5bb2e1b5296652f35364527fd7862b
JDCEM,65780ca203c38f5346ec2d4be2a7bd10
IAZMB,a91a86bad6bb5fddb7a2a05ff7b0bc76
WOBDY,1e9f8b4f254facf7a4275559658d12c1
MGEOF,dc05870e0ae9991477f96879b8e60eab
RJXUN,8e176fa9a331a1e180ff04d3d7d7e580
DJCUH,dccfe7c81a62eacf48d48535a5963387
WNCUM,978bc2f92a827c0cbb0bfd16ef08f4bd
QDUPU,6b35a4538ef50c53415b337a95d38815
XTTOC,ae6e068847406f739d17ee3c1f9fcb89
SBCPQ,6cb8580158b4a102a808d6b640d4f037
UDQFD,9eb74395fb5ba11f3fb79c6cd0ab97df
RNAWC,53383165b78ffe3283e16c2f8aa5efbb
BTUEF,b2defc17d25b102691f627109b101efa
YCUJK,b8ec8ebb7f8741f88df61aadab8fe183
TRCFU,36ed2aa500926520516288c32b42edc7
NEPGT,867540c5b147b8e2fc5c80e936da8d01
FAPGC,217f8d3c8c0fc0d2297cc24fbc4e008d
OPQHO,6157f4a85c5ff6cedf3f15dcbc8da583
WBIGX,df89f23eff3b45075561a3f26bbe5c9d
ILAPS,f2b9e8cf8d2d9022e17d55c53fe391d4
EPMUC,7062840a64bac07902f1f432b1c81e12
AUTTP,bbdfeac79b83ac782be4161603e29ad3
PGEGU,60db381af795e3f7b63338060972dd5a
FVZDU,1a1036dcada8a5bfd3b30247d9660311
FLZIA,2ea6f577171ebac84fc3f45c77524204
XWMIH,f83efd3a8eec378b38587bdda35c361c
UCPCL,f8d0c4d7e62af2618fee5f2f01a5882e
OKDWB,06dcaaaad6e9451d774141de3a0baefe
ANCKO,2caa2b46f0ac3a3013404b2fd2449ee5
ZAFFZ,34ee90be3ed365d59905548abab1e1ce
RFAQR,3144a5da2b5fab5c5ad0d2f351c00b8d
MHAPC,bcda8b6269568573619b141456aefaaf
KWTLA,8046e3fd4744dd91ece963346286ee34
VOUSK,2f0d0d56ac44069d9c6c6b74e16b506b
PJHMP,4cbd927547b727499f7f52a3903555d8
TNEWY,60061877a576182644c72e880defe056
MZPRC,a1fcf7c5aecbbc300f057c97ffeed5d4
WCFNX,d4177adb8c5e8a57ea42c9c9b94c5569
JWPZW,0909c0e95ec2f63a4c284a50c7fc617e
ICPFI,1eae851ac76e46845961cb4b52b1cf08
TYHKA,717f3fb7addf439f8546a5e797ae236f
SDWMT,513cd4a03121a28e422a4c51593dcef8
AUGMI,5e3d564efdcfbb0e1f460d21bcb9c932
HKSLG,41a2e31126e13a615a07bebbf14a6dc0
EOEZK,fdd0f4d8975d2c7ee46f4437c15e2c53
HTZBY,d707771befcd189479358e465f14094c
TVVNP,97bf9f0f8099cdaf8f44fae479f207c4
HJQLR,dec64947686657cfc39e1d977822fdfe
LPFCT,2fad2fe9389d493e46329869303fa225
XMGCS,bb2bd2a5f1d066612d2497b9a264594a
RELZU,4a386d7683c6324f7f193de19dde42da
LRRVU,fc085cf71a3c4493447b683a74eabca3
OKYSP,1f1c573f8e2db60b2927811ffb58b6e2
SSRQC,c4258fd76a0cfd2db4ca46d7f7b3feb1
SCWPG,709d818c4103486587d37ab54f67c4e1
URCII,eb0a893b9f16a2bee05b0bccc4e91498
HAPQN,76963ce9e28233afce75b2eab54c5fdd
KFCMX,f59faa2de53687f82222a7ca6b611358
SDXMC,848d00097afff7b3b01d884fe1d3522f
BSEVP,5d01b8095d39613b09c53aa8c8639f86
SPJBI,438cae8e2a919ad34ba592d0339efff1
UUDNW,9fe6c33f3fa65f027512af30f74eaead
DNMIO,ca1b92ec3b45e12c6aa0011e25a948ae
HHRDH,36d35de543ec7b4fb6c0c115c30bcde7
BJGTH,4064d03f2789b1b104a452253ffe1cb2
NHZBA,f52369c4bf18e05cde4fee4fd96a6fbd
NRNKF,c85dc5fe5ef9a260394c030fb0b9cd00
ITEZO,07d93d9ef3b2bc1b47c235ce804dd879
JRFLV,faaf6c3853fad89879145c90171584e4
VXLVN,8fe06f49cf209dbddb0f293416d493bb
QFFDK,e03f48b3a09b85fefa2267672a148cad
XGPUV,35d86530980ee15a6c0faafcd17a7c54
VPIZS,0f092e8cd4886c98850b40e061ddce8f
VWBGV,55af197895029db5e444468f4ba872e8
CMSFZ,36a4a9992cd0eae132c816fbd7f87d4b
KUDEI,356c779d69f64e0a699fa974f706a0d4
KPGPI,2aa61035682af30f6e9de66fc46f0542
JFEZG,7afea2eb2f5f34211bd0c5a6b53bd0f4
JJMWD,4fdded657057a6dabbc79af753a8fc5e
HFNSK,e80d99ce58b19c5220a48f73cb7fc3b7
RSDOB,2ac6c305e9e338cef409eeafbce02e30
UMGPZ,8421ee5625e03e6d02cb9a917edac793
DGJKN,590e177e096208323d109c3a900f68bc
YNMWV,bfd2551dfdbc68ea96202385025a14f5
BXTZL,462bd3cf3911920b067eebcd4ca7767d
CAEEO,9f8ceb485e9ad124480ca43e5c582b1a
ZYEOU,09e0cfb8ab173f68d05f3a064e7cfed7
WFESK,8d29950efb23515398f5d55a440f4e82
YJQYO,a4cb4420426b14a23e148d291568da5c
NQCFR,9d5886d102be3f9192482d1840502394
RWNWD,1a366b1e35d673c0dade65283c794741
XHWZY,d0ed4d87e9c3d869e367fb7693287bdd
OQLBS,91948da83d3615f7db1bfcb7c588b28d
NECWZ,8a7bf574cf5434786c02d7ee68d42994
MYAKO,9ed1285b3053b0161115c61604ce78dc
IGBRL,584c1d2f6665430c18959715e47b0a81
EAQSN,a6300bf103f2864713936afdcf6ee35a
XZPDN,4e532f35b7415f6027fde248e6dcbf7b
ALHJL,15407607218fd1bea741c7863128a936
OXGGU,30252f2f6fd92f03c479284ea642ed1d
IRYAS,c1d806b19e0ca47dd16b65be3910977d
ZIDYC,ee502b5c58d6316fe8b66b6014dbb072
LFKHB,fe65436c681d88175c0bc22f87a48a95
EXVSM,1892fd4286570c2a37a09ac119cfd628
TRUOR,8b17f2bf8fd38edd00504d5a7cb3107e
KZAUG,06750c33247e48a54525c813dfca0acf
HEFGH,7089ff535d7e923ea578a2f3a51d864e
TGBPX,1827130a2bb8e0ac860eb1548e277793
KBPQD,52a6671d5691fafdb36e44a6ee085f9d
IAXNV,7c5fe173753bfb63766b165296f60d6c
RQDQX,6487574dddfceb151a4348a185ffd3d9
SLPLZ,c7a75db449816824959ee175ad853a0a
BWQMR,cdb88bfafac105ba6330defc89fa11b7
PUPPS,6a91910c380e463459857914c39e689c
CUICA,8d76df3b62508dc361eb281427bc977d
EVUYA,89cfab197fdd63a6439cd3bbf4b64265
RVLSJ,a27cd7a523af24f9a1ecf6e3150fd922
VMLUF,e11f30865078e354f2fec80ca51a53f8
TOPYC,962fcd4f5dae80c4004ab9b4ffc8f553
MKMJW,1ac78ae6b15d16e853604811f14fa70e
XRLLK,f2e54efd96c3d7564c3fdbef9b6e8e30
ZXDZI,c9b973dee0d06366a01ace4c4a9bde79
KHZSI,60071bea449ec8afd87af84904573519
XOAQK,b3e6b8bcd01675275435523424f8a795
MDAVM,1bc768c1186fabe2efcb55ae7cdf6962
MHOBC,1e42048dc2de6cf3be35fb9af164c461
IOUZT,6b5c63b0493eb95921243afda25029e1
GUQDW,9bc5de566cad5b5ffd45609f71ef37df
METXE,48d660b09fa5c874704440b4c6fe1062
EWLMJ,bde65cf01797285433eb1b3e2d0047f8
SKHBQ,4c0e26331e1b47d3dabed3735b68d85b
ZEPGW,c791de6e084e8ac139f75f63cb8f1176
XRZSI,48fe3ede1771c10488f496511509b0e6
KJVMY,09ec339a01b169b269fe85d249e85609
VMMKJ,01d1615967ef2a17e85a09868cbe6d6f
PQCPF,756f572f05273fc5af7c77f4ea42f8d2
PSVPD,3c3e5256326f154666afd07347ec7342
UVWVO,7be6cc92915d99234e8d0957dde7d88b
OARTE,d78bf425a80c301e68b9604a58dfcc7d
JEIHS,d148b0a305120f3ce8076e68cc2e40f0
EHTQU,245d0ddf24f6c6a3f89c32ab21e87aec
DELSY,30f414dcb00e464f0af14831a6805176
YILGY,54789dcab5f9f806f5b972508cb47bc4
NNOQK,efc7cfbfc7b8adc4ba1c3940daf0a4f8
ZIIKB,701893f72500b77b2d5f4da434c34674
IVOZM,a56a1ca252741f852bde7dc9ad472b7a
FUQDT,8de51c34c07933127ab30ae6c8ffb820
VNZGO,ffddb2488b3f264760e107f51aabf2b3
AWVWJ,5aea318b9b187b0698868ae767304da2
KRMIL,88c8a4e1d4fc0a233e40d0d2556ee69d
BHJFA,d169f4213d17f045190847c3dc681d69
OAZGG,e38e89bee55baf0015f098db65be6679
YKLAA,c8ec30c218c808448d405caf4badcfd5
BJPAC,dd7436acd400e45cc2543c525651558f
TCOQF,d1eb5736baf7cfd67c139c80788ba54a
UZOZX,5e382814121c1adac90fe15cf62e1e76
SSVXM,8543ea4943ffbe49fc470a5bde34bac4
YWMTU,f92f746c59f9f07418cb174a4acd8ff7
FKOQE,7e01486164fa8b9762afbbf6b8a67b0b
UWGTS,32064b76cc5ba44b9231f6acda54a345
MIJES,8f03ddfbe86519c8d1bb3ec660c792ea
FNNWT,e6520cffe1cbe87765a1f6230d4b7763
TQOOH,97f2dd8842db208f2bc691d071f3447c
SLAFE,4794b9bd870282a9777eb18cea2bd798
BYHJK,f31b5a2e77c4984dcb678e3f1dd2799d
KLJPW,0b7fc980b4c68aa7de2e131a56f92481
NPVRU,3a617b4f1fc095d269829e14d8fe9264
GZDOR,845c1ca61aa31f00cb09e95d0c17bd4d
OFAJG,6a4c7880633184ae5728780c85f821eb
PGKFC,ddcb8cfed8cba440471aaa7ad8baf949
TGKLM,e97d9c68752fae8563677f28bcde85a7
NUCGO,388fbeafc5a22883887b3d749fc657d3
AFEEY,4d1aaaa271d418d9ef052cfb6db1ccf0
DYRPE,a82f678d09afb7c1e669ecd54d41631c
KCSRI,fecf8f02304eab73e7b51190b53e0fd2
HJPNR,9878dfe919829b679a091a0449c5d49b
YBQUR,da6f74288bc2ff589a3dce00b284a074
SMPCT,c49ef9462a1a53f82fa1e93c57c1dbeb
MGPKV,6f9e62957d39d0321a94a6f7eb7b6522
VYQVO,769cda06a7ce34533e8445e0f422060f
DIGHL,0a5cde5db13c8915c2c1bd2866fd3998
DZYDA,82eb5aa7453f8856e769eb34e843ec67
IHBGT,b4d34ecfdb3d8d46e95d642070361586
CGSFD,b2831784a849fa11be5d0ec061b3cf7d
ANADY,7e9fe3412214c0daf30c28fafa45829c
SBQYP,f91e05846937e26b08b5100883e61b7f
ESYGL,c1e80b99a92e3618121dbaedf4b89f93
DVFKY,114ec8eaa6156058c8c3d8b7b08e3526
PIVJB,46835bead1e7b320a204988edbd70b57
PBWET,6c30d3ea28ee7a3046facd4651262773
MLZBX,41c546fe98b4558d3e1cac516399e726
HTEYG,1868ae40e48523bb5510263affcea5bb
WNGKM,122b6e98e604f1e58c694903229f0195
XTZVI,c2a6509924eca9c9bb84191ecbf56850
AWAXO,93346b9c5193a59568a450cb589ee47f
UQVNH,952a0b6b5fd3ec9bda69ca1de679ed2b
CZZUK,ac358fdc1f61a6dbc31ecb28142ef2f6
BFWKH,ea13870f087ae2dcf98c0ddfdb569373
CQFNX,571ea714011aabbdc3a3bda0f31b9474
ZOEAA,cb93e49d09c55369393409f2d9a50628
FULYG,c2151c8e175f569765921835e4bbeda6
CFHMQ,3cd5a1bc7a1855a32d07f118930db86c
RUEIM,7b69a79a08f4e4bb2b7684a45f4c07cb
AILEC,cb866c769583f686807f85669402a8d9
GRGNM,43abae1da5e6dac6ff71e05df0d7f984
AHGGD,aaef7853342e3a0e20607b69677d8b73
XQHNO,2d3452b5a15e6f271635d1cdc8100c6c
NNDBL,d223e333f84bf689d898f094dd189316
TPLQV,0f241db45fb8f967c96db25751a7168b
NUDPW,596270d45fbd3b12b4009315f687460e
VVBMI,0d41c641d8168ef64287d240d91a4411
OILHO,64ba1e8762e183a77c4ff178ed15217f
WRZZK,864497dfb48591a940f0a2bd503aa08a
TNADO,5bd12aac69c5b169aa47ce44dd305cd4
XOLHY,f27aab1a5d2d0ac406fb89b68723528f
LOQXM,0b7f662f2a01fbd162d657313d25dbf8
LZTTY,321b5b565123f86d2e2ba699e22649e4
JXKGP,6e1241ed0e61ef0233d6d8bb5c6759bb
KLPQJ,70ae93077be8cb74711e082b16fff76d
FWENI,177119488790f7ae215e42b31858201e
GSFNC,f95526c1bd7614a728e9545cb4d446a9
WOLKO,62b84ad9b6a96c1dcf5a4f45a3349e21
OJCCD,0e644b1dd65a72caf95f9bfaf44eb24b
UNKJH,337b7e2dc7f4fd68c6ee2d3944de0cea
AICBA,fd1d5a24de71056896a5d6e9c4605230
TYSZT,d7940cd2dd95a61f707b6a37a8eca5f2
OYHMM,f83aca5290218cb5d8c09df95161f208
CPKGI,583d9f91f2f17a367be35de2ee5b2bd0
MVHRG,51a12abefa06238a246c460ef4b61e60
IKEFS,046234c3fd401fc8f1495cd772971a4a
WYDIX,ba5d6a30d34b22c883129ecafe302a3a
ZYSEB,06c5e7735bd259b025c8f0e4cdf658b1
QQTPT,79986a4c3197d6519c7e74c630566921
LPDBY,acd96083cea3c2ba368444bad6c8d44b
RHMYX,a8b1ed4ef81dc36192a88028c9292d18
HXPFB,8bafd12fc82947db3d75d80bb1851b30
HYDZK,f0bc010c79af79fd1dca1ad88467eb6b
FVGOK,53de0c55f4041d9373267fed33a84ecc
HCAKI,6eec12fa8127c1448a9bce692bdb8353
BCPWI,89ffa45d4d7e90d265b0957b2884d9e8
UZIBV,b9a2ee9bb9cfbcc96a229410d7a1700c
GWGEA,04f02ca57b0ae8ad3779e6d5a6b442b2
VVCRU,d31426b26edcf62fffb6f8b6779f6a18
UVJUQ,18d8c4b7c5d7973b6cee0a83a341a4d5
GCUAN,d0513570698218e2853073b3ea3ca390
KSURC,6135d6fa1f0976b774ae767dc8c87e15
NYCRX,27c9e87f943cd022099ef3222efe1f6e
MULKD,a7106c94ae404c965cd6c01aa8f0c09b
XDBLQ,28a63ff722681b1161a88f494183375f
KHYPJ,00a9468dae7267e24c2df03cf55b9c63
MLKDF,ac166bd9a3a6702af468a565a63db59b
OYCYX,3b2d8556b10e3b62f39bf4a17eee7d27
UUYTU,b82406e493140f79689ee406d30bc7ca
SGTFZ,042c0d2c3eaedf75588ca638952b2ba2
KYCPL,19322df2222b9f8b829ef8209c36befa
PBDSV,62e40ede2d7c30c7e1faa9c88ca70ac6
RPWWW,9688cea32fca1a924eb20eb5a662ffbd
YQKZG,ce91d04755adf3848343bb21354d947e
AJVNZ,d4da41b67fac3f5ef1376ee8e1824cd5
WJEJW,18f8c3eacae78e7cccd6705d50fd8f30
GXMBM,5ac8882900a3d0ee2194bfb88c13910d
PVWIR,c22fe472e31427267ec8b146339e6b4e
YKSWE,39f8cf536fa7a107fb6e3270167fd9e6
OQRWT,64f693e2a46523652986b6ff7940b6a5
RNSNI,b7dc86c5d590491000da0178a57910cf
VFGJY,f8e011c2e4d2f230275140b4f2aa1ba2
GYHRP,57c1832506d624e338c402636cc8930e
YSCLN,5f7653f09947c11428145217b94894b7
KCVUT,31cb8f516e794d459d5837bacfc67bca
JUZGL,7be195ffc446ea44e7d38e151aa67897
WBFQD,31a531f09cf2f5d7cb2565b821e84f51
VXVML,9f8e20a17bd8ee57eaeb6a215f6694bd
YWQAQ,207b487130f8e4154f0c2373ec838255
RCHSI,b712619bb97c3110f9a54fb9c0af3942
ZRZSB,19c97f91244384894643598db6eca620
MWCUK,899dc9b643ee32f36fd1b74912f6c1c7
OCBZM,99be93a7c651fe51b2822b563e766f98
GUXYA,1dff28a5999b757057371ac3f67d9300
VICVO,1b9d67a1db503a4ca2629bfe7b6ad89d
OOTKX,9ea2649ecab68c22398bfa3a576b9305
SNOHF,3c4384c58d7c77ffeba044b240b1557f
XQGFH,2f50bc63a0230b1d0ad0b473b5001112
RRLAE,266be64f327aa222f18dd6ad1c67b562
IJRVG,bad4616bec5fbd75c67d130d2a29517b
SIICU,36740316ab49e6e257b53e0bd885dc9d
TTUSA,8b07adf1aee8461019023b92156993d5
AAWDV,569a804fa530c996ce9cd9aeac9deeea
ASUYU,cdc48c346a221999adf9d249afb38b60
NSXZX,fb86388028d24196f44589b18cc7d8eb
UEMAL,381eabaa132b34684bed0a54f53a5929
FBTHN,bff2eccd99453344c9179d348c4f077f
JSZRG,e0e1242bd8c7086f471508b665ad1621
VBKXI,cc63fc4e430468fd4262cff847b0a206
BVTKH,3ceb4a026db3a3c447e73ccb4e58a7d3
WNTCT,4566f355529397c8044f39a554013908
VBYHX,9903adc96bd4971da852d36f21e45ce2
XPTJM,d21e050faa4186608a9a7f047ae0aff5
WDWIJ,356c48b50d49fea766d185469e1fdf8a
MJOJU,a81272c5ac4f5b5dd07829e9023f3d32
XHIYW,cf4690cc96f997f2572abdceeb27cbac
ZPUPS,c4bb4d805740ce12ebd7e580ff7a2987
NMQMF,968bd75b37e9c90acbd41573113f9482
YQTXI,2f02b6cfc1937106fb025387003ca398
WONOI,02817d6e7111453212d44a1e0230bab6
LIKIZ,c0c7b798514b3fb6bd5c1f8ef3a8b165
WLKMM,35936c4ee1750a350d7469e708bf071a
TVMFT,cf265af2da4ce2dd30f118eb2fd908ff
KLZCQ,cb16af0a6706bde717a9472a51fdd568
WESMZ,f3b01b511eec77fd01b5f754dcfb03b7
CQWWB,28dae4ab694fb74e6b7346d4d83e051b
LKSQE,717d706bb2a756ae1c056189558bbc64
TUFEB,78a66ef7ad60020c4e4a5e8b4a4fbef7
NTWAW,7971e42268f3aa77bd7482401f49a20e
KVVYK,71a98befccf81f6c80d7953528c75c3b
IXZHF,6f4d9ec782f49a99439ac3b8b370c365
GWRGT,3bab71b5bad8ba6ee16206e2b85884d2
YDDLK,d719c6b199cd6b6a2d8718436d3cc64b
YQTDT,1c8880efd775634b3da0ed40751be544
KGZBL,c6130d5d68d699b3be96393036028c80
AQJGA,6d6aa71bd1c92f0ee8ee0ec6446c230a
BYKVK,3934a581c02f4d0713d77ddcc85c4d49
BWPQI,9c49387152b8e32821d45d6e2790e08b
FTCMU,722c17a59aaa74a7e57aa9c096052f4f
XRBTF,1d9647da1e2c3e491954ee021afb1424
MEAQC,2aa6cdb91bb31cc6b0c5d723fb133cc6
EZOFF,c426d91fed28a3b5d1e5c4437e2a208c
RMIHJ,6a714c9540195b431236349e2c5bdce1
XMPXJ,93fdf0d4269efd9b5d68e061343d9061
LNNYO,848799e828995cea07ca81f3fc81cb15
RJLBY,151410b810d9e2e61a89fae982051db1
TRJXA,8617888c101becf76607ade3932c0a00
RKYPG,9ab6147836f1deaf14e79718501527e7
MPOED,0896fc0c6e6776a1185cb8596bf196ed
VAZQF,e7d90e69e80261d00054a2f1fab60120
JJDDU,026e4a6aa5a31656d2ec693c754405db
VHJUZ,b9f1481978999d768ec4d0b39eb1970b
JZFZI,14030be1cc0971aaac4d871b32aab795
NRLLI,a9960c308c0338815b331eac2ec90d2a
AEWGA,cddf506e2e170819d674bfe296cbd20c
LNWQP,a44c8948ce3f89528006a1dc6368d387
UQEKR,76865dbb358828884094e0ebcf0a8540
PIQSH,b8545df3a92c43c373b1f6f9ee1ed0a6
XMPZF,e849324fde934836f74d5c9786af0ad6
JHNWQ,3f78e4db7681f568ec3bd7349dda8127
QDRCQ,361cb1c328df377b601ce17a807ae981
IRPOX,48612b357cde96a3d7480b71a0d54fcb
MPTMD,8760fd1289e6fee3aed634110a1fa0ed
KYHJA,155b658e43fc011a9d2c933c3e2e2961
DLHTU,f2f432c50881641e9aec9ecadbffa99e
RVVZE,3d637b98920429962c5802dad410ec4d
GHNQO,077b597529113fbcb4fc136762913e67
RJUHL,3353404e4c3ba9b8a511aa0a9def350f
IFMGY,032b39981262ba72c33a77da0c3b4152
TCBLF,3e4fe36470cdccdcf3f754ebfc149a06
JMDKP,5cd47627320b0edf109c12d28835cd47
RZLVI,ca6ec8dac2b142ed3be819781fed2a5e
HFBTO,53c16a34595c94d12aaab744f3a76cc3
GQDYS,9251031905f0d156a40caf6c81121c8f
UZHUV,fd7747e56f1986a4aa06f50af0263f53
ALXWH,eea71b3a136b7f0d54d8e340299a1bbd
FPFNZ,f2999d66e3da48bef4f0c32bd2c2491e
JBWYU,766fa027601571a70502dc19a4b2a453
ADCYR,1b1d39c26e7e810e6e969cd894170585
HKGUW,20a05861c848d96c989156c98a7c4504
BRPXQ,3b4c62664f35efd818972fc39768d160
MVKWE,77bf80d56c4a1be676454ab97ff00e4d
WFBSW,94ccdd32101d572799c34e6ae818cfe2
KMKDX,2ad7308dfc9c4f5c62fcf248eb6a1402
POEGU,bbb6348cd247b0d4f9f21b1456b91daf
CZEOP,728cb2072160a2c446edd758a6b31ed7
TOYCZ,30cdf6c313e5d0bf32d75d35e30b54e8
OLIPO,92cf1e1febca6033cee5992e8b81cade
TUJPT,01f971c01de8e8c23988215c10811b8e
TNQKF,a8752ac73fc4aa4dd9ab0ac1a220d84b
KDZJX,09245f52810bf4412a48085d446d7020
JUBXB,2f767668c56c663a2ba2d5d3b18096f7
VXHSO,1535b47258f49c8b38f5cd9cea09afc5
ALDXB,31f02ff01ec8e01b478ca0e9d589f947
SUUIU,df4b2d48b8d113c5e63be6fff2251c2f
PKHVY,8294d4405a06a847f24ae6bd898d0a99
AMZXJ,76206bb842cbd34373d882daf8e7a375
YPDWE,7fd1f9455daa3d94cc44e71d922ca105
VLACY,04c2af256a00c9974c6dee195a50e1bb
ZFZIA,c6d69c4ccc648733675ed9ef749675be
OXETO,98c8eaed6936a466146f3bb27af61035
SWUJJ,ae361ebd3063bd65a07ac91abe8b12a9
QFTFX,631e6c6e0adb2e032cf620cce47a77ef
QUFAM,c4bcc3da5f8998889e481e76c1ce7dba
JUMEU,c9efce1963d9950ecf62a3bda2ba4ab2
MICVW,43179ef736957e9d348254f2d76a872b
VDSML,07e99170cf0446ca2c82165dfe923822
CPCMW,11f1c9945c182c1edbdf435c1de40608
OCSGY,c78a9b413506602d667ba74b7add8a80
KPEPR,d668d20d3c38e10f2ba4fa720af86496
OMXUE,fde537bcfc2a0d493c9b80c503f522c3
YSOXR,cb27b135aaa631f7b78931c445448be2
YJAII,0a736e49470e1fcc338a507daf599ada
JJMBZ,818b7e4696d5727480bd5885eb798786
QJUTB,10b7742320f3c0fff21e09adea3a0c33
UOVPL,e3b1c1a055993e1e7f982b772aaedd30
QXABK,dd7c493b2ac83a2ebfdac4c05d8994e1
ZRKBX,b09e011a5457ab061a58d5942cbc72d1
TUUBN,e8ed7c0487770243226a92787c03cd4d
ZXCKJ,9d4423e046c7eb1272974797cb8c86bc
HPCAU,73fe07aad42452ba837d0357cb5271ff
XZTTC,a1ce3e00d217ae0572d2f7d990d01928
LRBEL,10881b1c0b8cf204688e7e42a172df56
LDFUI,0530b4f65a625a792cb523bcdd4e8b90
WNAIY,29849bb6cc340a84757b9e4c85388455
JXAGR,83bb2b5e9453379956ee6f6f2a9041f4
YSLDP,4b2553e5e070e562f49f60994585cbd3
LGGWH,7fec2157902e034837906544b39981d5
VLNIN,aa29d2227311db2b09c01d47c735e214
DKPJH,4cf1467b929a1c248bf13d8f114ac0f4
VTQIS,1e77ddc66ff77176fb26f2dcc3f40d47
VWPJE,2efbbaface0f048d92e2b1ddca672f0d
ZOKZC,5129f5e6a8f9ec86011ca35e3622b5b3
QATDZ,e47f43dc90aca388954c4116747a0e10
XAWCB,5d5d2a292da8d03a97cb042435e92963
PMOIB,7950e2fbaa39bf8b996070aab726001a
JQIJV,f7ad9e51bd42f689fc2e2ff0ad018e9d
NFZAA,f6306d613b518ba1f9f9f8a4d28f7b53
YKAFF,ed3c5ff2bc942341b0b20b97f23ef856
XVHJM,3bcda7ba3deec82e9167809134dacf42
HPBXV,8fc2cec43a6dcca59a5475def59a2ab1
GONXY,04b1c1a714e86a667841c1a95c36b28b
UXKJP,2a99b3dc79c40655e8469476462bc7ac
FZBTD,eeb341d9ae03325cd7ca14e1073dee8b
SGLLK,c5ab310d2609b04c3813aa6058008117
PDUMR,04a7129babaf57802fb1f1469e028245
ELTHO,c02ff003b75cbaa4748adfeee7a6d5c8
SOTDY,55bdedcbd87aa7308949a3354c93bb7b
VXKUS,50aba877e2ee49ad9f18b18c0a874c59
NJEGK,3957214d58b2d2c71ff9b6209c5fd2b2
FVZPJ,585387f1be1b551610c12a36389ef878
GEYKF,30057dddef01e7d1fc860909f9c37b01
QEDIA,496ccb96bfeb38352d30e01e87a1cdbb
XPAFM,0e1aaf48e8fbce4b59c48f6f8b2268f2
XZNEE,62dc88eee145ad620104c58c44c3fd03
KTKWI,a7ecc92dd2021cdba94d1d416e4f8181
CGOHW,9a574df3058e294a516548986d411685
IXWPG,f862a861f16faf0c18af42fd832ff3c5
XSTND,a53799dbf69fa034bc9606c938068bd4
TMQIS,5219d80f253bcf69d9e1fae598a01c4c
MQOSB,c6e87344e39e485d963426efe572b4c3
NBDBK,392af6f4858978b42bbde8f820f9aaf0
ULMIQ,807015f3227359e144450a270aa09cc8
NWKHX,c3dd2ea9bc72acd0b019a55dddc41bc2
SLNES,bef60521660d5893f13d061094e2d41c
RGCVU,3d47abfd0220b27721d197fec3526b8f
DLTNX,fbc632c69702e2023821dc0e6ea75301
KQPOX,73327e1953b76ee86222eae49a7847e7
MKTKF,20f5e364b793596c79cf54f76dc611fe
NBRAK,d775a356b641255fbe063a3321752f4d
LWMOQ,1664b830de9a7b8c37385417100da329
PZIZL,02d58ab0ebe11cb7bdea001e45cc0f76
GVKIO,b21c8ba88701baa45356557f4fd4e26a
CDAXE,dd40df7ecd5680bc825b42e718620a5b
XVSYL,f9c30142148e8416645d22e80752704a
UNFSG,e227fd9558ff23ab95de179e03c27f5b
ODTFE,904d81fb9c06172e87e0b3ae837884e6
EPYZB,e65a2ca698cdfca5d8816d3ee9f17dcf
MXTHC,b5cf757d757d6ba6804d3da01acdce18
FBSEV,e00a92456390c5c7d4ed10aeb323a9e3
YZKON,f57b11f17f253045894107a2fe17d0e7
IDKPM,f70aae62ab8cfb51d811255a6925fe7c
YFFGN,fd106dce86ab3abc7be8ab9fcb3a99d9
ZYMIE,dce55e01b247138b50b562f1ef0152cc
GBLSZ,c4f239aea9cb1f559d6ec50a8f23fe86
BPIRM,2dd524e2888925d9c51889381b2962c0
IPZQE,9cb9c92f76decdc13ee580d210e1b9fa
TENXZ,f1164d75e5498c898a35af11dffb095f
ALELL,5ce844f7c3e66e16fd726742e36a4eff
BWBMD,1755bb59b61fcce1d5270aae4e8aa830
WAIWJ,72a7c68127f1d9832e32551e02284170
BOWWZ,b43bcb1f8b9d01c5a00a88e007462c9f
JWVIU,40776bf70d7368ca21a12c5fab83c4ed
GGSKZ,437b704275c2f1ad004ed358c24ec2dc
PMDNO,e7caaffa2c704fd50b944d72617e4050
WHTIY,58086d21f9970a2128a81a1a37bc47fd
TFKMI,8c71a78bbd9e8cb6f5fde5175edec768
YITZT,b43cd58ca37de5e813bf45747b592c12
GAFVJ,a63f5aa72d7e9bf0373c9dfca7a316f1
TGYVF,8635847d2a2adba41c1d6eedb563279f
TQNNH,a451516eac1f7157c4feb251fb00e055
DMPNK,47b754fcedf35d33914b84c3efbf6020
TEXBX,361e876f0397ae6fb5e7746666c1ab0a
WQIXC,0ae1815199ce16ea7d03f1e95df01848
NETKA,befc81ddae3db5ac00bce09f9818724e
NSBXR,1675b39206f2a33c9e3777239b6ebeb8
MCXAT,854e35ac58a1ff6a377af6e78b7386b3
HZLQS,ed55921539bad21898f9d08bd1a8a356
GWCNA,d584205b6800114b9c2d0be45cc91dc2
SMXGJ,e48dab8348530fe33dfa4adcad06073d
JRKVS,6f2d3897bbd4e4f275efced6804a3753
GKBFP,8a3d4275859a6425e0a6e1a56520317c
ZLDXI,fcd4eaf2cc25f5b2eb1fdae4cf9459a7
WQAKA,c7755b109809cbc3ac3cddb5d35e92b9
AOGYY,aa8014ac6d43535611c1a44d5c14f029
PCPFF,5408651fc33470aadfb60951bb8743f5
TPIOA,bd887466925fb2441ee85d50ec878f0d
PHBWY,a216e6b07c099c2db43788784ff82e87
QLPTY,f3f315f8d864d29ffd9dd803b38d4f5e
QDFMB,ea941c908a52e78c335dce802f02686f
FPWPA,9d60e281949cf3b60e7533d4480c4f6a
EGQQL,e90ef8e7b7961626197ae491b80aafaa
HBDCD,ed9db633299626f96492acc3fa3e01f9
WFBHJ,698ce260e0ce2e6a14b87cd65db60b92
UHHJV,c0ad20e3e2fa7e9139d6325d86e555f5
VZOZD,06bd01d3814f1219fe6dd966529a31ad
HXATK,775cf44766c97591bab27ce2e0bb585e
NJFUA,4d9e2951e9f4590e21c721faedf9ee95
FAVRF,71e729570c6d08ea988655ae3b797065
KYHER,64180129f714cf10e37743188a0be782
UAWAY,d871ad7176c4e3d3045ac1a37478cea2
NOHIF,b9de41aae57705783bc68ace2034b1cd
SBKTP,d96cf7d66e7cc281ed7fa825d0370ff2
INUVD,f0babb85c0e47d165dce650e9f367669
IFOTP,a8af5398388923ea53c1d8d381c9c1bf
TNECQ,f5e97054c2ea7135c8b6023e6e837e0b
HVCKD,2973f3d2dfc3c6228f588710deea0d86
QVNCM,0fca0b4786a028afaf995fd5bc1c2740
CMNSM,d48885a52ba3baf89031dbf8ae0b25b8
VZKCY,dc6e3d432142bac2babbdfbbbaec421a
CXVYL,a2e371003242e1e2fa57e4007abbbe1f
OUUBX,d626218cf45a93909a1e076ea71067bc
XQJJV,0036b09a5009047c45479a20dd5b46f8
ZBJZQ,3b9929f05adfc9e52993e442b2d6ada8
HQWSW,ceff4a61f6d22ad4ff486b8990589fe4
RQVAP,45ec2be9941507b33c577bb4074f4070
EIVNQ,16db57e78d5e2fa58d20c152161c4bcf
GPQVD,0a80165e5b6dc1992eb071439df7eccd
TFYLN,ca882764a1b702b059bc988b8023ad13
FQRYQ,7d79e8977413dc6b6c78b57b6a09a7d2
JHDTX,1341d6a9301583f21d1e11c7324958cb
BREBF,5ee663c2279ba267c4b11521a13cea70
RZPOF,2cadfffe8f023619b3675571c0672b16
EWNKL,2cbcf40336d025bdf0267c9af8ed2adb
NQGGE,aba2ddfa1f3d2bf86a2361f78733dca9
HLWKB,fd6c7056f4c56676300e3daf03d70599
ZNIGY,0ce61ee1ca5e949370a58ea46345987b
NIQOC,371a1a38783086dad8517f53a5420b3f
VKTTL,d989470823c0e43d430ea242f8d83a49
GHZAP,7a7fc8a04cdd2feb1f73a1d753cbc92b
EURIE,c7dbcc663d848191a002d46abccd68b8
WHUCS,8c2d816f0d7c34b7ea7009d7a9c322d3
CSFPC,3a194bd5e011f081bf87767127078a1d
HLSLQ,5e1aa2fb052c69720806d63d3f494a5c
QZIAF,3d27f928a3eef4147e08ced98f859bcb
WYLTX,38fa84c35cbb08ef4b7749e0fcea4258
RPXJL,794e62e845949d5fbcfa5802dd854f46
SZOYC,2deb5285bc066246cd94de521b776071
SIRAK,ed25cd3a3ae5016f792b52ff2fe85b83
OWMST,dd2ebd919fd6508bb77a494bde114b57
ZXWBO,69acaf7e24425f1317bdb93e4ca84f38
DVZLE,40a4bcdbc3a0d3f0f5ce47b6037bab82
KJVXF,c4f37bd94244560330a7bd3a45fa5ae5
DFNJW,bfb0adb5d74c047a3761dd377b1f78f3
AZSLD,1ee71472e127d0f8d6ff53712f391b30
VYZBR,ee2702284becf0b3fceff65ece6e77ed
RGAYG,c2094d6d522118ca4cda59bcbe70d226
JQHHH,89c636cb2021526c40ece1323fd87368
XBWXZ,95ac69690929292e47a776f7b356cfb0
QFGPR,81a0a9b6c8676448ff86185b515a753d
LPQSI,3a7a7e0b889ec6e212c5bfdbe149c750
DNMQF,accd78c09c3c66d8437277bdb561ea68
ETZWR,501707a14912d6f5a71f04e8b239465f
DBUGP,25b2a8f72b300be17c5eafdfb0643d8f
POREE,a83dd84d6166c4b9370f33729484f8e5
WXQKX,de922a1ab4154d8d8aef50f1eaf4adc9
VRXZT,90ea3a12769804618716e0307091b851
TZTTD,7bfc70752e3350612aee8d6ef0413bf9
MMLNS,02379dfe61a66b88d3be66a7c022ebed
QPDET,da5ff18f6072af357e398c53c3699ff7
CAYPM,a4ae536d4789b25727d7dc33459f66eb
QCIHA,88ee4c459fb32ba001d67a2d9aae4257
SVQOC,cd61a1ad9c455e30294d355d196acab9
HAFXE,dbe7b620236b04ac3497f8dcc9a4dcc4
PYURF,655d6dc58638e8fa65f68603fa980b49
JYYLA,1d18c6e8cbb85378b77c644ee2e77160
SMZEI,500e8419aa8460dfac1d36deb98573a8
ZNLDF,16bb788829bf1cbb0473b3bbd20e1c93
JQZII,bbf60ed8375c06cd4d46695ba8177dd4
ZMRVC,418f129253569a31b629bb9138e91404
YJNKS,5d4a5fed7ec8ca1ef3498c10d52602d3
ITQJC,bfd79c481db50ec0db417d6483e50d4c
MJRFV,f38f4ed96c2f758a973baa9cc56cc9ca
ZUNNV,b0915035cd23595ed05bb6d556d7352d
FUQSW,0715b1ff28e0d20d529e34cbc6af5255
IPBRY,d0c5ee201740ee98ac35a2cc9d9cd247
SBVWT,caa9a6427b4aa533f1dcaec42caa8fce
KCTZR,16e5deb55d2a515a4c8e71f14279c1f0
BDXTI,ea92bf5293a0cd6027487b4a2d2b0b38
YFVLO,3dc0b6fe1d1d0b78ebd9206d5f586f88
VYOYU,47d25d62f54eaddfc98eafe6c6f6b791
IXJFC,b12599a8893d62af82f6abd616892fc5
GZGNP,f55e4886468afc7299f7acf4c098921c
NZBMQ,6ad9b2042eb33bbee5cd8ee83ca80aff
ADBUK,d0054d526547c1eecac2808606950b16
RZXHU,828a7806558c951a3e57adc7b456a84b
AJJAQ,f408069da8a88eea625e07e6ccdec25f
EMJTJ,f7c41dd01a1aa5ee674ae661aca78237
VIDKD,4e559746032243d6abe3216b764d8b54
KGLVF,b0cacdf30bafaade59d084910d231d8c
BTLYT,7fa57d819130b43020820dbf792e4fbf
SCQLD,1b941c4538709bbf623cfc686cef64c2
YQLZA,b6d204fc3ee342307963d5de126f3edb
XTLCN,d87a188d93b1991db9de5b96bdad66de
LGFUF,3a00d8694da077a81a3f5ee9f0b75110
EEEVL,76476e081f1a749bfa5bad34a2a80f32
COFSW,00a571a8e22b22fc3720d428f402221d
KKLVD,a5a7c587eb36a4412a0d064d37b1cd77
PJMNQ,347fed7e3ff7867af7bdb7a2f5edcff4
UNDSB,a50d60ea6abadc75fcf99e2c10a70cae
KQVSE,e00150ba3944f56419439d6be8701879
CPWSF,0cc5a05bce6eaedd41d132ec5b513965
CHXTA,88e441d5caa668ba305e0d5f3bb70f65
WCPKH,f9a2973720f37d89212ca26c7ee2aadc
BLTCM,e2c778aa47c8d5dd510e66e2f3c04e91
STMGJ,4f8bcd28e0c21a229ce620866bb6d58b
MJCGO,718978dcb00b37ceae6af2370df2a1ec
NLEQA,c813496620e7e783c0125cc6bdd071f3
BSMNW,03435b2c257197e624bb19073b6f4e1b
DDOVX,88802f1a90514206c7358b25daa1b25f
YMIWO,3209e32e75da2e874ada57e40de5f965
MYDGG,e0cbeeb3521f695cdc148780cd21fe9f
OOKTH,6ca9ff2a1a06d54d9f2df9cf0bbd7ac2
QZPJJ,95775f5876f9b828ea8c692c004a62a2
LEMUV,1e7e41ce126633fc6314696bb73bc8c1
LNDMK,4588310e3f1ac5d6d0d691811b962d52
CJTEO,813e02ba419b6b9915aabf30bcb947e3
CVJLB,79e2397f13d470421d66d5495c6d69f8
BJHBC,6f44df81f00b86272f18bc2371d57635
MPFUV,c0f4a6e64b7eedcb429197b248de19ff
OSWIH,39299be6629c88b5c31039d28acb5e53
SCLZG,8b78d8c749c78e423314b01fd2ab5983
CRGRS,91bb1d0fbd15904a53d9bf481c968fb8
NEFIR,c7e14d672f6f72795c2139b23a371dfa
IWCMH,181885b2ad1223a4c961be49d48efa47
GDPEM,a96bed390bac3ef59f65c1186eb4c5c5
SLTRP,1215ef11fa0a68a9f4188351ef3d5921
NLVLU,7591cd5d8675085c15c16f51c98b10f7
TGPPQ,b8d5112e6d38466ca90cc355102005a2
OKKIT,d69432a821a43d681a5e9ac029d14534
XLAVQ,256e4510c075e5f83befdfa60e5ebb5d
MZVOY,df1cadcae57dfa3ffd0461fc0ad56251
GSPDZ,6468c013fe442e10605d1b15f7d4ab23
TSTHR,cca5d834298077deb64ca54e276a7c46
RCBID,be9fc431a666a16516dbe73efb018855
PHFUJ,86c472867f8eb5b1550cfd3e6c0151c8
VJSVF,a78565b395bfdbc51a97703533825b20
ZKBNQ,b9d1311a787c4ab65a48250ffa2049e3
GBEVS,525ae10711d5bb9970c52fec5c9ecd8d
WTUTC,759f6322098f2cf0e2e9743dd40886b4
HNMXM,54d2405c3aca9f8c87c671344718c2be
FTPSN,0f507e7cbd17a0bf8e7cfe7bd5889171
JDXMO,2426fd5a5a43548d239cdd1dd5c26369
PVRBI,7bef66b6770a676fdbdc15a0177bcc0b
JELXO,75af63207782cb00a7e8d255e097612d
IAYDX,4abce04c05cb361e68597cb1ca1966b7
EXFZN,843cf15a10bb0cac9b45c380eea20ea4
IHEMD,0556b0a1fb66bda70d3f1d54fb36247a
SFNTV,43e96c5d7802ad48c709e2041ac007be
FVRRA,44acb42fa6bc5c75e253fae3274a36d6
CGZWR,58c95a8f2052dccd211df173c69d1995
ZSZCA,9b98047946d700657ff265ead7ba59c3
CLZVG,b133ffe05210e1a2d497045188d4cb55
BDXCF,a7e9645a2bcb00cc6d0ef94d15ea8981
VYRWD,e48d663641f77c763688e073d89d8d1b
EAVGT,eb2e11b7572d2a90df630a7f5371e863
WDZFV,15c147a84cd03885c5a552195f6d4808
WASEP,a3ca0a61aadc5c243ac1a2313ca24c07
VTVTG,3f4f23c14a9ab144ff407dea87e67a1e
AMWDM,9a47b9a40f6bbce05ff5d18e44bff4d6
UYXGQ,c1c7b3348c3a84c2313d235cdf34180f
ACIFY,2cbcba5e61919ddac8a89fcd0bf3f3d1
MGPOF,d3c927c9d6cc8e8c44a0b98babf2191a
PQKUB,3f9ca18d32bd626e03a84e5d75b75c2c
GYCIZ,5b491f18e805a3cadc448f7803bfcd5d
JCJHN,80dfcdc598a2a24c45adb0695f95e751
OOILZ,740e68142ce8071d5246911e5649f898
AKPSZ,340c8bc60ca1dc582073e98569a7e05b
KYVEL,2d516135ca0146dd3d2c7f8a92f4a943
OYXRK,1dacb49066dfa67b988f9704935c4b0a
STKON,b452fa1c61efb38796f19ed1c8148d82
PBRCX,b70186e2cfea5f4dd1c68af91cb0218b
DKDUR,3f1cd7f8e6e5981e7d89f8aa1ea200a4
BWVXM,15f8ae03a2745040c7f62ca544e6b734
GTUUK,4f66be2bb5ea1cdaa75b0c7beee92e79
ISKCP,6394288325a46928791537dfd0e12a35
GHIEK,88b6bc7c511e5c7c50de93c49c431355
PTRKV,20ccf641afa23e1b0bcfe5b76c3dc24a
JQZJJ,93193605aeb0fa572c0ba982d4aa15bb
HUPTP,b0ed48c505fa0e0d0060cba668ff5a84
MIYZB,b3d1f4fb8942708e82826ded41b369fb
HYWAI,be6921b7f90b715f3f5f9b1d6400ed88
TCZTA,bd1df0b8e94d580d752d1e274f75adbe
EMCPM,6e1397ff4a38a57c88df72a8c71ca7db
WAWAL,d2253540a26a1a48f6604a072e8ecda2
ZFRUU,3d45b3da0c165703bbde84b5696153a2
TADBM,41d578ec2372134c2c62fdf88a23d835
YZURL,243ce597e9439973b2c81bd5a604d217
IFMKG,f1100e6667e28b1f31b6eff7a4894198
IILIC,64a5b0dd992104d4cf58dd67410c8d35
PMZZI,32e6c909ac49c01d11439c0ce09fa221
NMZSB,bc26771ac5bf652ceb4aa5d4760ac271
TOLBQ,eb8911f64d57e7052582ea2f0ca87016
GERQA,411f6cbf687a218b54010ea4697ce7f7
XHCQN,f87cd4ead4260359c13eaf1669db2362
RGCGB,4a577ca0019c5133b0bc09160ea35c29
ZVXIF,c813a9443dcc6191b5d63abea2e54488
PVYVS,f86545760253c55a69c69333a5559dc9
MHYLZ,827d156d18548a80489149227e933e34
VMLVY,425db29e221e741d46790b45a4a579e4
AYZAZ,9b00b9452c7bad430ef9faefdf09357f
IEPNU,1aca4d3baaf32b8ebdbb49cccb202e31
NHUYV,4c6567ce455d898b1438bfc9d5d228e8
AWTNR,65a269aa9f482ff7315b90a83ccdda64
AHUIS,24172a8332a50570107ae2781332065b
MDCGK,74a265b0dc217d929dbfe9386c0e0286
MOYGG,7f8358d61feb844759d726d474728672
YTBYG,f29246b2e7bdd894fb52baed4a82f0da
CHOAA,24f371837e1f104724416b038f9abc35
LTLDQ,977ee19e48dc1ebc7d1517c67aa666f7
RROSY,19deffcf020129c1cfb5cb8c81e2b5f0
HDYKW,032b8ed8174074dce9fb230c3e29cc9b
CIAYO,6d41c8511e883d707e5731f374106797
CUMGG,f22ed643c47cf6342d5a0fc493d62578
XOFPP,1d735b8b8061152f59f7ef495996c3b7
FXJQD,240a380d6eddfb41f851253956bad2e6
JOTCT,89e1f67a6f72e7ee8f119d6d40c7b561
EALXQ,ea0c6e22c833c71a28dc8a73a062ae3d
VYNXE,0421a99f45a964fc7c117f0cb3f958ee
XUKGM,13f30be9077917c32168bf00fef60946
SJHFS,d7f18fdf71bea983b0bfdac43549fb84
VKIUK,e113bf4c28787e9f82acbe6e95abaab9
NVVLR,1b7d0435c090a0df86a534227296c2fa
LQLFT,8f5e8a1d2a1ba9fefc898af46f5c706c
ZRLUY,1906a658126baba6f1c3159e3b29b08c
HFHDX,bf11fe62298b8f3a87b3b66a969425ab
DKBDV,cb5399eb493832e7813496f5423a3ae6
ACALV,39656bec172605a08eb9cd508c6b42c7
NBBSB,9a0e51a9d9d68e1d1c6e90f30363c8f8
OIORY,ec69b726ad4721f95b3ce90966bb9ae4
QLLKT,b0457a1a1e7e90f407895911c88c268c
WUWCZ,9f710bc4aa1ee21c55a0ad584d4b16af
BFJXT,1a0aefbca38ff4dcdaff35a80a1f83d4
QCXNN,ca4631ae1c40c0f0d9ab2336a0496c60
JKNYI,eb0841ccc436a09d7b5afa5b69553aa9
ZQZYK,b770090343fdb530822791f46dc8df51
ZEWWB,09bd64cb7338baf1ae6a963c9d075a49
OVMHI,18237bf50103b4d851fdac99b700af5e
BWYYD,5f7f6a951922d2c1366a485b9c717fa7
WOBAU,07dc0f4b9343b51ae282742943335836
HGWHN,96a43eecc01f7a2dcb35092348ebae40
GSPOM,ca201903d5b2d3ceb6bb0cb8ada227ec
IUOXL,14dc0dc91b993b6d07cb3c7692e14561
MIUPT,d455a26dd4ace46cfc70fa31f41434c3
YGXTJ,ea4827b3f01bc2532852b66705f397c2
AJXQW,a2ca448bdb8aa8ea1cd6892857c6b3f9
RGKCG,84dcdd7f9923238da8015298ab88e8f5
FYHLB,b18b4146cf2f49ba3387dabc22009235
CUCYR,c5c20a61ef739aff1acb4db087837fea
UTXYN,c2ec48bfcb70469439d2653290c0a48f
BEJSU,d0372e7ab21c4f2fe855ffc27c00c7e1
BUSAQ,771ffaf0ec36eabb2e28c63ec812ac44
OLGBR,b60da1720f874f9131c3a0390c270612
ZHBUH,e0e2c03e54ff44885b71f77cdff236bc
VZUAK,67844d98d2ba5c4d66094f1a8db49388
EANVT,243296e574b6e8205e3f2dc555e8ca08
SBQTS,1aff6c506418edfa4324689631205c18
ELRRR,c16738fb6cee7ef37731f92aca81d926
XJEJT,eb98322bd653c8a54b87588499d5ae5a
GUOTF,64f7668185c2c87b2ee5d152cb4d30a1
QYDDU,e87e81067aacc6e719e53f3eea919906
XZKUC,d48dcc8a86e51d77e2840d7db9019145
NZOKM,c06309e9cf12b4d2dca2fed81483217e
XQXYO,cd4442d7489e2211ce343c8fb3bbd1ce
OSWMB,b10c89d0ea7a1df6389d8051794a6e00
JUNLV,e3a8d6f7890d5e419b717e88f7a1477e
XQXBD,9e33968f308bb3f666d63573088651aa
VLTOQ,70ef75db7957bdf506d18fb61c606541
XNJEX,eefa1ea739e955688dedb055bb75a707
OZGVA,a05440c4e26b72786ccb436e08e7c73e
LNHMA,55ae6f0845300266a1cd67b3d516da27
FAUXJ,2e4b9c690b95bbfc8c7f5bb3f0578fae
VSDAP,d6c9c58ac3fa6b440f806d11a63b9dea
BRHEB,a925fc1e37ad49f143a4737ce5f0c268
RPVZY,d3a0da3210376a4cbe5bef353854ba3a
QPWJA,ea697528a41fc1036034bec3849e516e
ICXHS,f56d967e451471794c7d206ce1e4d6b5
UFXIS,148f8bcb87533588ac87f245c3d62e8a
CSWPA,28bf4716cf4ef73213912b9115a2cf3b
LNIKQ,d6ce126f7699dab7566ac4c50731c158
BVVLD,2173bcf68b077c465c7919372523c15e
IHTPP,fb80a3123c6dbba426963634d3653ec2
QAXGW,ac15dffcafac2a170a2e41fde6ee9a08
IATXW,3cdc40da036e1389bd128daa12eb0141
BUCLS,26213361a7707e2433e35652950bb987
AKEIR,4fcc7a2d58fcdef4728d327cc1a9a496
QEJLL,a0564be6747d60393a6b20be48fb500a
UDQBC,bdafe6891585399766912476afc22ca5
RUUBP,4a03fbc53610933f50e06ddb5aebfbd1
PAHSR,853d209c7cc76dd077629bb9babb93de
TRACL,dce954ac7bfbaf8860d34f399d91f451
ZKINI,f66d183d2625639b9a124e3abada5a4f
PGZMH,a1a856c210e150bf34a48ced83c5ef11
RWJYL,e757f5fffd02b859f430f956e59a5841
HSEEN,8bdbecdb8b2bf389f9a43ef53233d138
WSEPM,aefc057cd7b0cfdc107578974fdb3e55
FMIMF,0bfc1ca7aecfb8833e7d1f56bbb3c931
FUJIX,7e59571f64c24c3deeed99b7f09d4362
XVHSC,522c6d393cfde681827f48f175f1f8af
JMWXD,4afec36e1bf3b0c2b90851afb5c1598f
FBTGP,4796c2fde3051af50e05d15b78af7b65
LMQBY,8e26ba697cc5fb788fee71fa832308c4
GZHFL,dd85338ca2b06ab895aa2d3c2c0ca78b
SPQEU,37c55aec50f54e4817131a22451194cc
XHGYR,85730cbd40ef419dee6486f88a88d55c
ZAUDL,d3a3bfdc55432d5c9680cebfacf9f485
ACMTL,ce30b761dbece467704fa5f77777ea30
WGRUT,9203cbd3acf9a98622ba0ffa05194f54
GXKWV,de69e4240a51d55ebe018ca7e278aec7
ANKFJ,599bcc49de7c32ba671cc2273e5dd89d
JWNQG,0865fe5983ed6903788d6e41c2418e71
EUFEY,1b66655412abf0b51ed1969e604a5005
ZGDHA,45372e850f67e3f25a00eccb048fc603
KLIPE,7dffe5bcc5fdd3a42deec96591ea9082
INTSL,af316de24e3ee8a6894251476287b6c9
HDOXS,9368d90be8e5ff93a0cfd06cf87456ce
DDVMM,f0d4b7e0c365177ef408c4063c88b901
BXKWE,df9c51baba76b2b0022f4a0482284000
FRNON,e78605dee25248a30bef44c5bd697fbf
AFKUB,b13e24e3db7f897066b87e25ded4f009
BYMLS,3bccd60f8c69aca695b5b5f15f98596f
XLBHW,5c87bb656fdf60e2f7599ce7828ba2dc
FPIDK,c1352d6934c33d44eece81517e4c075b
FIVAG,f3da36e21ede5541b3bdab539a0614bb
YZCTE,be585728914846322e6034042e94a2a1
JIQSJ,b7703e6217795f6aeeb559c8a1bc0efb
JQHBT,3b66cbe9486ecdf31a035548af69249b
BOSYT,52a9423d82a3e089a2679275648b35d7
LXZWW,3c70ae278a30c27f04f17d314e6994f8
LPFGH,875342a7b644df6198cd8d8769b648f7
MQRBO,fad574c3f597fcc8de1aad56c4942782
HHRPG,d20258f84b0774da20704034b6b731b0
DOYRO,76c6f45028d2c6a5545212c5911f974d
ZJCAW,96691abbb0309faf3ea7deba2cf82a54
DKEZR,434652220dc09273fac0f0bf7ea7de8d
OVCWM,d07b429522670929c168f6d43b1cd0b4
XSZGC,641ccc2ac9ee285df7801a6c75e671c3
WNRPF,7a354b61988575bb2dd27216a58b3bac
FEHIJ,5649cfd82f2839a96daf5234b029720b
SMJFP,6158885905267278d81f49d631f0e311
JLSCP,8add0c2b4b6cd313844b2edceccbbc05
WGUWK,1448da9a67180539ba5bbc1da85024ca
ZKNVD,3c4056dfb210261f56f36958f21cff69
PKXMJ,a41a217d8b5e37c9ec9c55d41c64c92b
SPIDG,c2611100b71b562e4992d97c2415a539
DVISD,cf7f215114a538d803038d7b68321101
BZGYU,22ed2af5a2dec51c54d9e215bc36eac0
FIIUJ,00505fc54ab1994053ce7e32b9a765c7
OFIOF,7f77988b6c446a4e7c489e9ca260bb0e
KJLPU,a8af1f988ff5f2fa6f531b7ef5ea9efc
HZLTH,488be8da3e013a2ad23eac9843500812
TPMBI,eb70714c46524359f1eef58cdd1b1bf3
JSSPL,9c409ec6650e5fa7ede683ec52506d42
HFNCN,4416cc48c1215b18580e32222837f608
UNGYN,9083d8d5cc44e9f0fa5b8a9cdca82918
QIUYT,49d2c43cee55e70dd2d4908ab9416e5f
VLEDZ,7124ae18dc0b616fa85a688b7c6dd3c0
IDGIY,8369a3e1a8fa96b31f41967ebca859f1
BVWWY,e57f34f713d6bca32eca77b0ceb4eb7f
JTYGY,7084dfe41b2b2aa5b2b94b0c8b419ba4
RCZBD,621c45d6db5ab34c52df9ae145234714
TQJRQ,fed08b44e7a1870e70187c71d73bc1b1
LOLYR,cd22e1558fc8c51786baadf7dc644c6e
AGEGV,fe318b35d11ddb6d9a835eafa8edf453
BAAWJ,cbd243e791987043e36a703cb5e18552
XAOFK,79b57892c3cdf9f6c749ecffb3e15e28
IGVDZ,bfe7dab1a23956eaa4b78413d9e4fa29
RDILS,945f0f03f325a7351d77d97fa34c6844
XNWGI,80dfdc0ab21d7b0b1dcf740f779e48d9
RZUIA,b3ad5c233ebd4420165809b7e627c1eb
MRZHL,96a35e40bee24992a6630142519cf55f
QEWVQ,bf4dc84311af5b4aa96f2490b0795bad
EDCXW,28769e060a4ef2da149127d9527ce44d
XKHKB,391ce86600c1821ad618faa2d08a1031
ACKIM,3d17e5b309227af6d716a00bb3c769c6
TTBXX,b9052c2e833473a5b7bf845282cb7087
IXGPJ,386ec4c29c4c9a10f8c7d358450a21cd
TRTGI,17173b5195978c5cda60a58860a48a2f
WCFRY,0bb9e2d99be018d32332cc0653698dc0
HEQHO,8149e13eaadf6320a7f3d724e1cf5a77
ADSDM,c5c1b434dfc1c2f907ddbf4c8f873e50
EWVRZ,989fb5251f71c1599e24b7c71332beb0
HULNX,bf389508fdc12f2835afcb9d26e65836
KEDNC,18fae35b6fcaa6522f0911e1f7d90ed2
TRXHV,f1ca04936346870753215e7be49e0337
CEPVN,21202e05f0c14b051afce5ce8760d000
OHTBG,49d7439c0dfa91c685297bb69c821bc0
QWOKI,8a99cededc9b51e9c8632de0e0ad7a40
SLGDW,b8da313e84b02ce402b6681afd23ac9f
UPTBX,d809bc81dd65ac0074f1b659d2e52df2
HVCGU,0e5aa0617d4a65f514ba4e072734cac8
VCGBT,cc89198135fc602045d74e726bd5fba3
LSLHV,fc3b9c6a9cba34aac34f9389507e12b0
AJFNF,452b7c4442eea35d4963ab4130aff4a3
TIITZ,473cecdb3af55bfc1236122771ff4d8d
AOAKS,3862f19c9cdae3392b2505d670826a26
APIGH,1bfa67c0e4b1a9e497d129134d4dd6c1
UCWCD,893bcc04b6dd938c9576936b01aa0434
TARLD,865eff21d23591ad27267c83f6b65d23
SWYWZ,986f4fe15956dac22ca99b929c93911a
PSTYN,b83ca9514d73fac6f428d2bb6d37ddc8
PWFGC,7f02751f376c2c02985adef430150191
ANTXW,4a524749d727acfb1ab4fba08ed490f1
OXZHV,67b04fdf586185910e4178f0a198a0e8
GZKFA,f074a351aac5fb44b14f155df9e2ad00
GBXKA,8f051059f53c873e07c9521f0256bbc4
LLZGQ,23009a18d23867870ab4057fa2fc7432
MAKNK,9137aa373ad71d674a467d39732ddf07
KIWXK,273742be823d08f639dcf2900570e4f6
DAGGB,ca5fe1cfbadb0782a5d7a497699e6373
HGPOU,d21b52dc642fbf03be3ade0aec8ecf63
KRAVP,e9ca7b101609eaa204d57b5e0bac9927
URDQU,b724602bb25052ff038d5b50b3eee9ef
VPYDJ,336dc7ee9e57d0e456ee2fa00369e543
KDSQE,a53ee1613f7e9e4244d36617ff656852
DJLUX,538e8b07d842f74a7421c50ecd1dc5b3
AVEWU,c3a7e4688da90028557184844eeae603
HYXOO,c859587e61ccf6fed2060ca138248ac4
RYKZT,c32464d564b71434907102a1cd750dcb
CGXJT,140bacc267661e3e9f3c26ce2b86815b
BCGWE,60f0e23a335dc757e867c2d8ab2f8c77
XODCJ,579a1366f9fe816bb9e9559e39490b3a
LKJPW,8cb43ee49910454e08075eeee4dfab38
BRVJT,cf2c4ad00738df8b1bb9cd05b0dab5f4
HCFEL,fe8fe8a02bfdb35d36f7a8447057dca0
ZYOVT,a800a03c0862e01359e7874b470873af
FEGTL,ee1c1803f6c490543bcbc8ecfb3d9a7d
VQPPV,7f8b5b3452801a5b4dac87ffe1abb232
TKGMX,8ef4fcbf2647f29d1950cfd1b9110935
FENPJ,a579e0af26992663efe401241fd46046
NUWRX,c2b0150411dedbd746c7ec7b8f1f997b
FLHCI,390836643b3624a3a033f2e5b899d258
LLSTS,8ef8511744586b146b4064e637d762b0
BHBLD,92325cb2d2e33ed38ed92f7aea7b203b
QQGRX,3e91df2c04d310bb2b4ada41497d1eff
XFAQV,27ae4bcfc3b9c1cfce90ab622e4e414d
XNMSM,a987d9083d832a853c02e5f2c040a4da
SBGCJ,95a5b33ce8bdabece27695fb5239de52
TZANH,655c896c37f8e30089b8b3ce57b475d7
LPBRY,e33877759081a7331a99e3a1df390631
OGHOT,05b7303ed473894177b00f5f9c5d9113
JKYNB,e013856c19f6051d8a28e251a0c6eacc
OEXKU,179cdd43d31a8a3d33bea52c2ab98784
VSZWG,df593ce2273f690d04954d6310dbbcf8
ZCRTJ,b03ec25e9a979ba89c490be8bb02bf14
ORWIU,7c49121e059530430d06b325fac3eba2
MEPOO,a97934be1042f10b3011a0fc40a80ee9
JZTUJ,b7abb1fa0d19392e3ad2225fe7a8d0b8
BAZSC,31db2afa86b2ede68f123e800d4594be
YGWCJ,ea253beb46036aaaad4c90ccd9261dad
FHLQE,1639c44b100534ddea2e3c40d2c3a37a
IZDYD,ed5b60abdbb2245ca473fb07dd70fadc
LFNZI,7fd192017293730750c8d005e18f44f6
OCDKW,97f8c79fea4fded2afa7762eabc553de
MQMQD,b429034fc4a9cc5efa17bd535341eeed
NJFJD,3082dc8c111877fabad524b6dff25919
RIYLG,7f6cb0c463aacfc9539b26be5bfb2859
EIMFJ,87b6d2005e05eb02b213e200917406f8
VOHHS,c42790da8c5cc62504aa4d3884b3d9b4
HSZVO,772042d5d660a3eb792aa481f1a7cc4d
KFWJM,d97d8529407a0769848217f0130c0d85
VWBPR,433a9c4fac6c9b102ab58c42a2214460
ELYEQ,f268f002440e59c34dfcf5e6d9a19959
EOTSA,59e4c5d108483121321014fbb6e0a20a
KZEGF,a9a8aaba337e725a2c5231cb6bc24d7b
QKHKS,a588ff1a5b3e8708d3b1f7ab29336cdf
DZHLG,384f26371b316527b2173fa26e06816f
CWRTV,d7f486f1b5e6fa7dedb4ec27cbf5a00a
FJKAB,9df5556411ca1bc96c8faddd31ba723e
SNTKO,503da09a0f5905f29dec626ebf970202
UFGNB,64ddbdbe489bab70d9bf18aeb9a5f5ce
VAGFR,5450cf2f9fa3964a5f1879927af46f56
ISKXW,94d0d19e05225e4ab4faac9d5fe2b161
HFWPW,e658a20f28820ce9a07bb9a392573f94
RKFGN,1acbd3bcc65c7d935b412a48a2d2767d
IJHVS,e0bfa45dbe4e2e559dd4431be4dacf38
IMYNK,07b317d6bb4831a48902aa7a49ddd329
KFBEH,d2c3521883955dc538ce5914074bf39f
KYSAS,79704b707686f31eca08ed5b557dc297
URDMZ,8a17d5ebb03f80cfa94133f79200a0b2
SBGHQ,6b82d8ef2f91763004e91f4e0e0ea275
XIRYS,5be7b22ed11eac3b6db04c1c4c573b5f
SAHKS,6b45485500cee8416442a748097bff8a
PKWZK,a636129c7678dbe127b235b31ffe6b15
OXJEL,56d8987ecb523cb9655be4ca5e579ac4
VBWRL,cf9f02bec3f5dac410c5ce1d58ca0905
POOPN,61f786c9fe6a88e21a0628642ca1b5b3
PFQPI,a36a08dda31e129aabb7210a594e6b56
TYRQA,e078cd2e3cd411d1e81c9daba57e2377
EYLIJ,ed657f1f9350d53a198b122c81344859
HSTWX,cc5027c8477c4899002c136be3970118
POHYP,15aba36b70b796a3d90a506fe19281ba
MZMOJ,3061777cf151fc475c6a8f50984a1d70
ZHTDN,4bab4e4c017d98e91039dc8f5c14850a
XMIOA,30d50c9f24ac15a8b680adc30b74fcdf
DVOOX,5661d20c68c52862788be1dab66a9b4b
PNEYJ,cd234936ba844e9386ba615f132da3f6
TBTPC,d927e165abba70b467e2354b51a2ea50
MPVOR,567a95b8753c7fa991040eceedc2298a
DVQYF,d15560b31d2a107b268b872f54ffea2b
VKFWC,0c388001f194a19693d743fb7f6023b3
MQXWB,82ba93711f6e9156f5bee42e4a1e3bf1
NBYWQ,26b481f6ca1f68b469f6cc7096dafabc
WHOMW,4addf36149472b106860d5fc919b7c3a
YMRKZ,9a4232a6295dea9da8a5637448ac8a08
AIGNG,68982d086ddbbbe43cc817cb0f3086a9
NRMGV,9b421f61459c24e00bcef8cf3807f9d6
VAVLK,610a84ae7350cdeeb42476ec7a463dc0
GTZAH,1c9d2f48f905f549cce791d1609c7566
ZESWU,384c7d66d88996c2612834190666e779
RPONS,f7a9db5eff010cf15c3f644b138804cc
LYDVX,26ad66629ef9cc5caa410add282ea5a3
ULXGR,6452360e153e03cac009a468394a92b9
VGDXS,7fef075e1a7b59391626e4d6140b831d
LJVPY,fd407bf7e43ff8ec4e8c0470f4e1723f
IXNVG,7c36f73ccd0b7a82be6dd15540f04589
OODST,d9866a6ded9725581fd2d60074c0f39b
RNMPO,85c71cb14c08c764ebbe1a3a2a00e4c7
NHOAK,087983e7fceb30a9c2a7c68aa4eafc92
CBXQW,63f0e0de6851de25d09bd9cd5a00d7c0
JXZPS,e8edf0cc335dc5b332cb40acdd823005
NWXCC,6d7f82a751d22c04c47157343da30b1c
JCJFB,008280529b3793ba641d15bb2c930c79
ZUDSD,58971a619486b8deac2b62257027755f
XBOAK,622ae5a69dae93b32826aaf132a1249f
CJXBV,8a5c87db0b82336c2c9fedaaacc0743c
KPHPN,4aadcefd381ffa21ea93dfe34522c280
COFIE,d38e6450eb3a7afc98ca11e8f9efd4f2
AUYTH,4ce511bbce69017754e82f294fb0dab3
VRGEH,4641dd51e87b70ee58ecad42de2ab36b
AWKWY,891003fab709f9b00e4a152955ea679e
CPTFH,c145f8138a7c784f073c982f590e705b
MTVLQ,a20d4ebbba3ec6a2d2b7ac44365933ee
TEOKZ,4086fb876ab817541b1c1a09259644e7
OKXYJ,a454a2e4135ff68b7de27e3839602a5d
VLIKJ,a4a769196ff5eca21ee226f45a20d3cb
NAMYM,0a6f3ee91453195f8eebd687e6866ac5
TUCMT,5c481ba55eab2faddc6df19d83e6f8c0
IDBCR,dd1c5d43157552439ae763ebe092c54d
CWPQQ,f1683ff7723f4de8b2cfb4154f537eb6
NIZFM,4580284fe532925b19f01481bcd94a49
ERNAL,9d4643d058761afa263127bf4f44b404
XOTBF,a03b5fd2330c32972471ef56052ccea8
QSJVN,cac623888c8e4a46f5216e164c7cb6f0
EZLIE,f3449bce9cccf1db0a64fb4052951219
TWTZO,fde9e06a4dadfb7b129e32b69aa18882
ENUEF,6d637201d60ea8734b1c812f3d25d810
GKADR,736bd3e7f896369a6087ae7184c2164c
OUZDB,0b76104838f28f60278b3760e36d47fc
SKTVE,0bfab0385b8ad47e0e1c0f52ea482af0
KXVWS,cb4510b1c00ee78c63c2b071e7116981
SQLBS,3166fa1a5128abbb3f1a8ec4fd0063c6
CLQRJ,2b9edd14f0e11ca60d393442e2290dcd
VBWOS,8b147f1a492227e1294ea5dae25a4d96
EIAYU,f1098c1bfa2cb3e73dafebb46d0ef037
OONOX,78090fdcf8e7a422bb0b065bd1a5d523
FGQOG,74b44259baf9df604799cce42fc139b7
VBKZF,6e7048833aae818a0ce1232c74c3304c
MOXWC,c553519884a9833052c68e5760677a67
CWNNU,9ccade7da125dc329c6c47775b8c51ce
LOGDE,6287d07dca96eabd60dd64b232be09b9
KMOUJ,b20509e512406d5f82a74f839ec7cac4
IVTXD,87a8b086267ca8289ad7868462c4a744
WBLJI,4e21bf66d55e0aa7e3df4ca3e00b6844
JEHXO,fcf627a7c05c87bdafb6e9ed829252d3
SRZOM,c0345dc534f2f90f5f48ec38a501e886
YMJIG,d668096d159fdfaa89aae9ffc69ee7ce
CBIZO,44cdc89f183a62328890b588ede9da3b
PGHKH,089d37060508ffef40b68dfbb5a8b4c0
XWWHO,a2a78d7b4cb537920942230c23870423
DTLZD,6accbe16ace00baaad52a7a041868309
RYQBJ,e968ef001f51b36885f6bd893461efe6
EQFJO,a084c433099f7d131e02ea6957b1883c
APABQ,2d0bc2b14df3cd82bff2cfe1a4477e78
ELMYQ,caa4afbdde227c8db369a45f3a26e510
OCPOZ,228c0173c17013eacbe9412cd1bd65c4
VYZVS,8ca4f25828c1ca48df6f91750cc7e707
ZALWV,f0b945442c433321ab01776040b20430
VDNZS,5a4eb01f92f20f3d5197ad4a159b75a0
CGSDW,bff7c2f98058430e11f957c24e3df559
NPTIB,a0ece0693559426115165ac541c01321
TUXLS,479963111b121cde2f4ae3e3ad786c43
LCMZC,b75d82b4f422275defc9e47758e55a96
VJNZD,2036ee983569ba57b81b6d27f5d194b3
IDFEC,3169c534df74d05c4a4bc9f159b8cdfc
WMOTF,a9783b2bb7e881436ff7a2d4eddee9a0
OGOLB,8aeadc8cf1590f76cee8e07783813ff5
BXHVT,5ddbf8f8b48336fbdc87c26c1393e3cc
WJZXF,345e5d4210127b9afe28f8f99297f050
LDYSL,1f94a7796324531577d5ae1c545ffe96
FQPDS,0ec20fdfc254b7f94a0bda7b84a6ea22
BXOIR,b72d7a2ffaa9ca5314e11a8a195ab10c
KTUMT,b7b48a54df0b9ec330996a556c18ce7e
DTEYR,9c602c08c96fbe5e39b4d358a3743582
CNUHO,a97745a2184992ce573b85fba9901a95
GCOVT,1565bf2d683a411ebbe896ed89cc3788
SUNBO,704801e4211af5616872d6f9a64fa682
CWZCU,ee19bd96b5f6ee85c1b7c907b084858c
VCZCQ,b5e11bf0af33ba0c9cb05fc8b6355052
UJKER,295a7f0743414190310c71a3322dc06c
WLZBH,ce02167ec9c34bba21451c17afbda0e3
EAUBV,f45eab471abfff0e443ff1b43df9a0dd
ZEYML,366497efd95a7f0d28cfc23413820e76
XTCFW,a2bd34fa6a332024f316c339e821737a
OYSMO,30c20aebd75e2cc25b03b34aabbaa38d
EPBBS,ef7096ba90e1c532decb50932a9e7826
BMVJF,21e445f66aeb66cc0f0b961e738b434f
FUZIM,aae72e7bc3918860f311cc812a723a4a
TGPFG,e5e8ff527d89af63ffd7f8407f61a607
PSDUK,f5c53c088986b6cec19d22d71356243c
CPTDY,d446d9ac9b1494322e8eec94beff0e3f
VGJMA,e222952316812caf76aac45fa8a877f7
GOCGO,4a6312f9b401e98e0839ec29bb3341f3
QCPRP,ece7abfcbabb08b69034ee40317c43db
UTHQZ,3e3ed2ab77803155c2d9f51a8f3f05d7
PTIMH,cdedf8071a831748f61c7bfa169e6e0a
YMPMC,a72bacea6e2a53fa5924598c16eb1edc
QGRHU,5c63e77354b74d7fc68a98151d731d84
DOSTX,621385fe2b3f99789629aa075bbb169b
JMFOM,ea2039c514f9f4be81ce1b6dec078c91
GKSKF,4cf49db971d860b36d5670f6f6edda48
KXRRT,ca24281f3c83e3509f4a12ce2f0490b9
JTGYZ,fa060090342035dcc01705b2aa3fde73
LUOJK,d97d727dc2e2762cc72b8b9180a6fe6c
VENZO,73b4cf076a81cfd4c4b546a4ce329c1a
KAGBC,1282a01ff9a53f3b11fdae3c496111f5
PCFVW,78a8190d083792269652809896210334
XEYEN,9c54bcbccddfa18c07893fa264bce95c
HWLIR,c402f9b9de72a9ca5679cad725634af9
WCWOZ,48017431429809500493b6156db162f3
BHMVS,59f9022645da29338d7309e3085e4720
DLKCN,db318d8806ccad26f49da63d358c50fc
XMFNH,4c3fa9c714ba56a7166ce471b4800453
YEZPP,1b5adc713e620cb8e95f1ff6f76fb91d
DXDBF,daf3861facaeefcafc636e2a873c75bf
FYDSE,16539da997300878874e45156bc696fb
ZTMZJ,ef5c8e6b92342e369ca738e528b9f906
VRYIO,21b4b6d1ceb9c3d2043ccd64e3a95651
YSXMT,5bc21628cd64696bc31a7ddf7bce0986
PKWAS,8a79a9fdffc49416b25f2ae1f5c089f7
BVNOF,17ed21e654447aad81417b5525642d23
CFNHI,3d48553ca2d94bf204fa0b918710ec6f
HKWMD,cc3c53ec400fe9a2851c040f7c63e7b4
ITCTR,359399f98e2bebb01cc1b1dcd28bc26d
LPROO,504c0ca54ea29ae412746572691db0b5
WPAQC,07244103d8ff1106edb1300ab2fc64d9
YDAGA,6807469b1089d91dc7b2a4f294f53042
TYVNQ,5387bb1b50466e7888a7f0b94052b6fe
ENHJE,2d1dd8121fba79882381e42e822fc580
XDNLC,9b020644d1af085fa60a6e0891c336de
SAABU,93ea326da899e4005b1d0360984217c2
HZJQD,897fa1ad7c7a3132fe929f17bf23e56d
BCYGV,54fc7508e8c1ecaf849cfa24aa8e8a69
UJAMC,047e6001b7547c79f8bc577fe4bfa66b
GUPZF,52b3808a6263c2d6cdf2666598c09069
ILJUE,08642b366a9deda608ca72638404ec07
VPDXC,fcdc9295c374a6aa59f6b07a0b782e07
HSORU,d6ac0a61ab79bc18fdf5e33d4a82235b
ZVXPG,870f896a2229d23c34d05b2bcc65ae02
GITJR,c3bf60d036fbdbdb4ab47d87fa97e1ff
OEAXR,8afa59054b031c581072bd64f5be2c55
CHSPF,d54084ca2e892a33a82b77a25e29955a
QGUTP,6c00237a674947a8b484cc0254db10ce
GXQFU,6492efb33103469d09e28b24b882129a
UIFCD,ec3ec47474705a667ac11b410e57de59
ULCRE,6643370e37b98dc30f34469bf717d67a
NZMJR,e35d6bf4ffbbcc6e2cc9fe4a45667de4
MKHUL,c8164f066c51c0bec1714cf49a67dc23
MTAQU,8ffca5d24f26dc98b6da5c6635490c7d
EBLWC,0cec488104323f58f5670e4a05efaee6
BERTM,48e6cfd7df6798ec236fee1ad9b8d82f
WURVJ,fe943051b8b3956019d7128b02e79903
MLZCM,25d5fb0ab7199da732850ca0c855ba7c
QPJJV,3c98444ee9606842ce436adb2458d6c0
WPGPX,935e5afd5e2ab114076fba2d908f382d
YGWVM,ce0db3d14de637b91a537d3926f57f91
MNAMY,e6805fdbcba59a404086d764b6ba2820
JQRNK,ed0340265080ad0932cebea2432ab0e8
QAHUD,11f3e922bab2faddceb994d100f6ae46
JIDOV,2e73a6d79d4186ec92d622a7e665b911
AYUBG,ce16001796a9fc0809c8f71fb0dabd32
LJTZQ,510f85fd8ca5b6b245b102fef0c41496
OXBGL,a7196a27c8e0918ba7c69ba5109b16b2
XFYJW,e122ddf6d9b4cab77e878a02352c342a
RJWGU,2e8d746f98de359921c788930c3e2605
RDBEX,0447945737330abb77872f47e63f177a
ZLXRG,1e029ce926f01f886c8c7e767951b63d
SEYQF,43b41e7278cf2cf3dd10eaad56c396ab
SRIVI,1a23550660b8fd39c2fce6438c95601b
DRFCC,d49be2cf961fff4450795dd14f41f041
BUVVS,9758a3b29153393835ecdac7efd77837
QMZGK,e5995091efdebc6fca93891d7b422a57
KLQTE,f079422c3ce3c589c00227ee3d79611f
BCWBF,9a373016064d35311086d26506690fd0
DZBCJ,c0ee14f03c5e6a7cf64537a985bf015c
WDMGN,06a25926ec909128dff46bddb0b4eedc
BYSUM,17221aef5e2f44a9180096732ded7c78
NMPWU,a5962bb6ad139d5126ffbd07fe25b184
ZGFTS,e0424785bd7f2a8abbcd96f02e41c0b4
VQIGL,6fb93efa657ec16c04012cd2f8b69d3e
KAWAB,7d4c67ddccc05e088fe4ff6484f67d0b
KMJER,1d01062d9ee9495d498ad8ccb1c85d2f
ELNHP,ba32be1a5fd1a438cbbda0d063149c76
ZVERG,21f75d6766817e22981d7eddb678bdce
ICACZ,2839202500b7db6f586bb5264fa292ef
GRFDE,7fafb649c5fa92494953567b8b7137df
IRQRX,3b3f18e09d835b7f9c785bf84a3dd379
UYYBW,834674ef6ac9f5b6f40d07db1f90dd11
BDRZM,ba1629100547e1aaad3ab624300ababf
LVZNI,f28cbea16abf054194b27d532b2725a1
RMJIW,1ace0a8478014bf0b46a2dc3fcda8b1c
UPUES,1a272ec4d38b1141446576dbc3ace9ba
CTKZT,5b52b5f4ae38a28dfb01505b7b84802b
CLKEH,11b0d77f838eedc9106ae4fd8742dc60
DRSCM,19554a82f19b7af03638bfac7ea9cd49
WCYYI,c4be6e38b722ceb4f200eaff25247c30
NMVZG,a1792b7c74c9e9ab80e100abd79e9c3d
EXTYN,37849ecce689c61b10b078c1340cf0fe
GCQQX,c920fc50152a143c56eec6ac75aef2b1
ZFILR,e5f30fe4941aa0e277b89154ee360c66
MUARH,9ee6e2e52091e158fe45b0953ccf651b
XQRGG,14c72ca02851d503df8a24d3c819b89a
WZYPV,1b5011ecf9376e23281f225982c3ebb8
FRYAA,f6dbce5ecc10535973b839dc9998bafe
DMWRU,d6610ea1962430f20dc2a8c62c16d95c
OPMGJ,43f02a1215ecf0ae1d4888dead34a040
KDXQN,40ca72f48e33e0f5f3dc2d064bc85dbe
BIQRH,b8fc46c9c3ba5cae4e3550dffbde5a17
WKBVM,fc979d35a97b92464e5bce97d304ce23
RUCGH,4933b2b6c5ae88397d79f592dd052b0c
JIMDU,409bff2abd20799dca31cd15731d1de3
WMGHQ,8b8a5090b9c3c82dab0b26cebf703e10
OKNLG,bcc6421d91da22acb9c32988763cd537
LNDSI,159e70d913eaf375fa394e3585384529
XVLQR,97eae0a35b7d82176437800aa58574ec
MIZSB,63c79d8ecad9b36740424a3fe791bb4c
HSXHM,12aedf7595aa2d73603c1eb5fb16536d
UVCDY,e257f8febf2c7f2a70b23d450fcd64de
SPTTK,b6bf3b3dd37e19200b0fc3f432c86440
MWBND,6c7e428f003b7d2d924efa7c14ca737a
GIMAO,56b2a4fbc47a957282166394776417df
RKHTQ,8726da5907bddc229b3e51d72e447e96
IEIAW,93a9f4d9eec418cb616c1c2dc27e561b
YHJVN,971869781c754832544573282190c566
HGTHE,a333d340e1d9d644b7a10eab9acebd62
GLBTY,436a13a2d50c036648506c981194a016
MRXCO,1976138042d9ff611731506efa7efeb0
XUDZK,d1661ca9c06fb07de7c76e3a69fe2b62
EAQTA,aceefe42a0a28f256fb0b61e8e2cf88d
NDKEH,9a0a82c7c21ad4321e2abc2b84101e7d
GMQZX,9947f4f37dad8752827a10bfbb160f39
PRXCR,8e36cd5a0550b54393ef1856590bdb55
OGIDP,ac8dd1d94f170cb34d421c45c7a60e99
JJFKW,3e10433c4d4c5a5224136ed652d8bcb5
HVAFD,10ab59908a54fdad98921397a832141a
HTUXW,192967a8d23a707c2692ec9a66f394d2
XKQAP,e72eaabea4534a2427ea368bd398e32d
IMINA,2d68950abd6aaa294e61799d8ea38138
LAYFK,c13e74b6c53c453fdb6d63b8d7f88ad8
VIELO,1ca44b98a5a041922257185feccd2208
AOTOF,dc07020edcad69cd07f9458f794a3c0f
YBHFW,89683326c1957ae8e6151840bf1962c5
WTZRK,31396c0d244318e67f54671bd46fb3ea
UUQMD,41d69f2e8eb3b88f90cf585815e7dc09
IZLEQ,51096eed9295f2a5c4fd8bd37434e86d
ALTRI,897d8af142b68c62862e57f0bdfb7226
XUDUV,9b2132b182f7c8d023db983ab8155dfa
GZRUE,66e4cd7261be0de20baeb0ed4b8b9e6e
ECCLG,df751b067a0cae14e9f4e09c23434e4a
BQDJE,5469a0bf9bd7ed7c9f970bea224c5bcd
HJBKC,2f82ee16259c1b9b958d70cc2e4ea744
CPOJK,8a1fc0d66fed2293db7b1f4b08e2e679
SEBCQ,d67fb261613deb8cc0c02408f064771f
CUAME,9b95a848ed3f06a46d0e0740b367945d
UURUC,acab45bc5545d009c391f20d687e3955
AQQRS,8b99cd8500e5af7facc4cee2f0521bb8
XPYSG,365ad8d4ce4ca5afa64e83ad5138ec0c
JJIDR,ba719b43ea885f54ef72af77bb82dbc7
HGJGI,48dd3fe3c6c73086195dc14462e82a8d
XAZUW,fe0ad31754061f7c6d2e8e5f4402820f
ICKOV,b7760636ddd143a57051c180c722f1bb
PXKWN,a5fe808a0a78e65090e04724daedf785
BQFRL,a97dfbfaaad7cd24e2e139b3775b3548
ITGMM,b56f76361f9da95bc9894e15fad8e65e
YJDWZ,1b5593e72805579b33b0309c6a45edfe
AJIED,17727f8346427eb6e4ad31da73bbe0f0
HCSRZ,3b2ac1935b493464239656329ecea53a
NDQBK,302e868a574e889bc0d5027770f7388b
LGVAS,5a93eb012ba1504f04bb5abec8d4816b
QWYMY,5bc875401235863423724ee833a9cc4a
XNEGN,8fd500fe0299fd0e56a5d47c95193209
KGDDC,51fbbd2da6b2e2e5567b1e0ad5e1d261
AIVCQ,5fa2f9d02bff5216e9c6aa8af46dd628
JALCC,96007ec9d4b38f78a3e68a49e7ce198f
DBEXF,16bdcc9508e474f0a72fe1ddfc9a7cd1
AVMXC,d8d5c47a95975c8152b50eaf3a70cd51
KDAPW,45c7d57788edc62c4a2412f570a13e65
HKCKZ,bcb783cab3617ef65baca6bda5b443d0
DLWSP,3e7b93a985ccabc96f3773a57897a041
FCRCN,8d919a96eb97695dbf55dfe966084eae
MHZMS,f84fd720501ca1fb4fdc679bdc76a6b9
EOARW,884e0fd99a927a483f422619b2b97d56
QNXIG,e342d17a2a0afc169294028f26c9795d
EOPHQ,74460e77c030504f2c6fd60caa1644b2
YZEKF,593679796e19814621a601e2e0b3f4d3
AJLOC,066f5bdcb77458d099e020f57d355412
DBQMT,3fc7d44434da38e3b03ed914c87db329
GIQXO,e5efe9e248b0b8e92b747d4248db739d
NQRIJ,34dba1036a567ec54e431a1368fa70e5
ZCJUW,fcc46b531e010e68b230f4342f4debcd
LTLHS,3739771fe70a06be44bc6acd9ea12895
CQUVE,cc25f122d30b486ef83226a3d025e574
ECWAQ,14d861886d49b013e88569f1d350cf30
QTHQB,ff7f37d2b789523b5980f739eb245694
WRVWJ,3d911881fb8f5c044a0592c4f046e3c1
BFNXJ,92390d81a01975f41cbf2759c9177b66
VJJDO,ec613b111584710fd8b837568cdc797d
SMEMG,40fe362a7419ec588f57953c37e5f070
KRGQL,c5cb3bd917cedc068ce4d640bb6b2cc4
IPXFA,e91ddd710e89368ff8dafb03210bd8c2
GFXKO,e95f04bc72c42810257f297a3d386034
ZTFFP,a4a28f29e202b33c90f1e53e6604dfd2
NHBKP,0bc7e6e88df3683ad1a88e98fa8db40b
SERHD,9d3780cc96b5956e298faceac7ae1d17
EWHYF,bb7c7fcd4e9f34918b1ec3f3a8bde6e5
VSUDI,a295920af28df07535e8d13244a93d50
LTUOY,adeafc050a735fdd29871e7ca62396c1
GWTOL,d68fd474cc23f7f6a3972033565596e3
TMEKE,fee51bbf03c464df2a952291d5ee7dc2
FXBWX,80aa2d9f276a4d143e703072c6b6e9da
PKZJG,208212de71c0b3cb667cd8aeeee3aa1f
ZJXKV,4b4496ed36052c927332500b1bcdd47a
BACEM,4b604d65d43b3d14da6512183ef27af9
KAVWF,1bc3334eb6db5bf56bdef68419c3dc26
FXSFW,ae44c88f8e02219d3970fe18bfe5d746
BTEDW,506de743a7fd3c1bb7035cee5e11fc2f
YOKRX,9085346c3169b3b1daf1522bd5c2ceca
NJRFS,cb3b53b4c6ef19f7c49fbf0f87301217
BKTYK,da664e4a9dc32c2b01bb9d8f2ac252ab
XMONB,e5fb9bfcd118add985a5e51cda9b1daf
WQGMU,fe6680d5bc03388ff1bed71b7243a434
ULGAB,b9da70102d48528d7c7260383be89fd9
JASRG,6b55ff004bbe177a3795035fd065a2dc
DUMCV,dc5c42b8e18f3b5db98dc8290c064c3c
ARQRW,5c0ed0b7c4bd86f021c08f7580f951a0
NRFZB,3068d6ba5b5473f09bb9851f55ae644a
NQNOU,80fa64e93fd6289bca1ef595211c7de4
VHRNI,05f24bf4f3337a401a3ac1838fcbde57
FFSKA,dc35f9996ade418f06461b63df3002ce
JVNDK,5dfcd196eed259169ff180110b575b15
DRRTW,7ac605c574cc33ba5c3f1803fa798b30
SBCOV,a56b942dd25e4a53fa164a345f1f5525
IKGAR,8f83b02bd9fb7bb38c74810c4535551b
IGNUV,efcbab40e69d3d41dbfd2a8287c7659f
HRENR,47ed6eeed63b8e92e59bf9fcb8e9cbeb
OXUDM,4610c3e84e83f5d423be2d840f164500
ZBSDE,8f050a6846c613b2a947f4ed62e3569a
TDZLT,436456fbf1623d534304e3709af14fed
JQCWF,87c5027e1f466c83e5a9e3bcd8cbb5f2
OVEIA,7a4bb34ee3f85dbfc4217bffa983db06
PLOLC,fe95bdd6a7fb82a3192735f4a9535a04
KQKFZ,8c1c3ff5c979e5c290410e47bff53a4b
QOLBY,4fa2021c4bc7f2f2ca034899624fd1be
FEHDN,f64b121afd6cff4e486d6658d9e21a76
BMVSF,f3b524bbe1da572e7bcf71027fd30728
QDYWM,bad0f25b24955fad2bcb70deaa8b3a13
NHWLY,7764b03c3e0fc567df4d3d9555e8744e
ZDDZB,1072ffbc09c5ed40142db903a3e14ec0
GLGDU,7573ffd3598abc380cf2fa19c9c33f39
DVSVK,16d083ecac1c7bbef6a9bd0fc8329938
ZQTCG,29fe6b553d6c6806205d7845e1da4091
BGXAT,3872630f234ede4468a960b4662f54ee
XHVJY,72ddfc3da853021f2e58796d9f2aa66a
RKDUT,c987edc55e294daf55e8a8198495da0d
USHFH,b1878eb9cf99d4ac838cc4659ae3f151
LUZOZ,81b46ec9a1958f0b3801ef23938730fc
HOWIJ,dbb5591bf973e024f3535e36b8ec2667
GJQPZ,93dd2bdf90ba4943b40534b78ec59cad
JQCPU,0b109024bc2d21a5d07e9c9833699551
WOENE,a705ebbdec0296dbf482b7b047aed9ca
IETQU,0e16b741ca0084c4f3d7ce4af39e25cf
VFOKE,5bbb550227cf347f0223fae5d1e39728
JXOMJ,ea5aa68403823a6fce535e4b35a56184
EVEDH,9e1b2ff4eed3dddaf38ea4413f2e636d
UCDVI,5a4061fe0274e58e1c4284d63ab045ba
BDKHS,319e7d99b3b6d80c7359ee9cfc6292a4
GBBEH,5e815cd172821c87452f435264cbc2a6
SZTXH,e9435e465ed964ddb8621a4a217de36b
ASIHV,f3408794da8252b05c04605d6ca10170
KEDIR,68f30439e36ecc89d18896b89a9d1d0e
MIDYF,af34d476e39366e12bcf028f86805c44
WHKRM,d0bdf598640ca135703e77445d69f670
AFNJG,6eb91266d2144bf899480a1bd6e8ffc8
UDSYT,19c6142888a6feea10d750e141a358f8
GOHYV,4708a83b9f705a2e9b9d237daf6f1aa5
OSWIA,6461e676ed1597006ec8dc336d44fa13
RNTPI,c6a7af0d5549e078a2b60e1778397765
HLPJC,79b13a6f81367307bcf38a2d49276814
MQNQH,aa762ec5173f71cccdfd38a58bbfd96f
NUKAD,cc7c6283fe784edc1a5e4c7573e1f8b7
YWTSL,dea0b1d35df1342d1b82307b99c8ec8a
CVYVN,f08f65a99f7474360d8933f976e5aa19
UGMDE,235cc3e5d6c9301b36470e2dfbb94c7a
YVPCP,8a7eb7ddce8cd71457c4aabb3e84c49a
FKQLB,ed0d7bc4345ffa9c11514ce8eef7fc9c
BKDOP,0fbc203ce3f565c30d8a6a92ede98362
BZRSS,7dc1f6b91b20b554663d5c72cdfb073c
MLXRE,6b8497bd98e6cf522c8d665543c55273
NDPZJ,23681fcca5a25b29f52ebee2f10b557a
OXQTG,918eea1603b1f891878bb25eff5120b8
MHTTT,841e062515b27933687741be3c10d983
HPBBH,1ae288c063e747e7f0cbf13c237bbc32
MCSDX,abed8435405bdea67ba81201be00c89d
JOWPS,25b71a2f899ceff14b74d543e3141fd3
YKCFT,52e92d993e29f5fd0cf731f1c8ee4ff3
VOWXZ,6c4905f853aeb9c318437a930046cd84
CWILX,9acd571bea7d738bf59f19ae56265950
ELGFS,5b6ddd3632347f1856a84ecf80babef5
FXRXW,cf4c1cd2545065f5deb75f4f4c7c836a
PPQUB,428b61fe7a845d5802a7a645f66e3ce4
AISYA,4624b82a0fe5de623383ed92b9c9d6b3
SUDTT,f453836b383db8419149448af150bfe0
ZUCXG,46adb5bce242a3ba76bc3990cb38d053
UHJIC,61358d8f114a058952f50394b8e95c89
IBOVB,94718752baa249916f554541a75cd2e8
RZIJF,2082597688d5165ade6927bbfcc5cbea
MZIJH,7b488ec5d5c91c92fd6f04cd5d275a64
URDDB,995a364924cdea46546d916d622042ce
OYSAU,b1fe6c598ead3c0d29fc60b7c5aa3c5b
NPARX,294ebc77348ee9100ca467ad1441a356
JXAGH,f895679db5c284c48af642c536d8d79a
BDSRV,53a335bbc8bb5be4f7d2dcdc0e9216ce
VIPBA,95527de7a8220b4ad422ee44d3d3bc0b
OYRFB,b8fec03b9039306125c41d568138622d
PXSSX,81f2e8a28428875145105403bc1a7776
ZYGWN,731fe5209d6b857f876762f77d2b6cdc
YDZXX,6d794541e15637713ba91fe6a978af70
GQNVC,9f272a02cb57b3adbd18f91228c1ab8b
EQJHP,aafab558d8e33155dd3cb702e1d54559
DGPFU,4606b6a502f268c6046053aed5daba7b
XJPJQ,4ccb0fcd92764ddc0090784a742d5a0b
EEIIL,b5ddb92dc22946ff2a84a1cf5ca1c6dd
NFGXU,1b807c1782e9872757b6eaa452cc4fc1
RWITI,5982b0bfeac1bc058eed6f72c6de338c
ROKYF,b8b62cbac553d8196a675f5b8a1bdfde
LCQAZ,b377ddabc8117af6b09466bc1f75d14c
FBTHY,c952979215e7462e86c50c13d5f1495a
CNMTD,27ff780925ca3ebfcf1e579ba1c648e1
CTRFJ,d002ced2d524a4b2493abe50eb19ebf6
HIZIP,e904f90a4703c485973e1f52193477a1
BXDSM,e838317f5d8026931978f8e7276a093e
BDQQK,8cf27e045a2777f2e66dc8e43514c2d4
NEXXC,108257b6fa6e7dece465b5e12c392e9f
KGPPR,c9b0f0d0896298da485d4f340bf103e1
GOQDZ,f48959a663f65d587503b4c74b9ca463
ZHSSX,1efe9576d51352b2880acf737b42d184
WDZWS,39ccf7a19abb10c1d815bb639b46e9c4
LEDEB,cdad9d137cd2148980a1f3d93e03fbf4
UQHYN,61b667649ff1fd5662a917bb5ca314c6
OSUSZ,199057107c6cf2646d0d2b252d3b2ad8
CCLUQ,29dac3dc70787b4db241afd3893d0f7f
MCNQB,98a194cbbcf212276effd283829dfd54
AISDD,b241978ac516294ecd488aaef2ea4d0f
WTXWV,89fd7da80f56388fba1b7d63b4b8c55e
XXZHF,6ab427e977ac09d54433b25808cb13bc
SIQKW,38467139387e5ecac36fd6af543b6448
WSAVT,00819ed3089eb561d770a86c1ddc1466
IBDYJ,adcf9cf089e3bb23ba0be73ffd711da0
CEUPT,6be25fdc37b04dc09a47c8b3b4ce3dae
YTDQY,702099cace6695ffa3e1dea18b78afff
NBAQU,f11702d3bb931fbbd416d8636edab1a2
IDDAP,4a01391f254a90cb1cb35d971617166a
DZMTA,889169088a7cda02d36f7e4c076d72e3
ZSESJ,f1d7bec6a152f31eafda7c000a767067
BTCQZ,41bab0928ee4de6992c1bfd14b955e09
DWWVG,74044034f6c140fd77aeda43a12d3e38
GFEVM,6aac398332ceca9492b86e01b961ec2d
JYPIW,94150ace6fe06089c6147760a46ba368
EPEXH,602cc5767f8578386a93d6b790b36bb6
JWBZB,1a5525b0d100569aa94d7da0882be628
JKUDB,14f05a9a16eb481642430dbd7723753d
THYIJ,ef56cd22817c43899e1cb93e81aacb6d
SKTHS,1830bad4b916d1277a42d203dbf66445
XRLMQ,ceb6d2d5ee716875851d95402e0ee906
PJUTR,af18d4985b09535c9304e7ed30f46968
ANGTF,bd39d82aa56b88acf9ab3a7b584f4f45
QKVAL,a84ac0fe48b99706294899c4bb70d1f5
QSTOX,d0c836513e8867138ae4c62c91a9a06a
ZTSHY,62d32cf2d5498a96f375daf264a44155
WQBUD,95b75c5dae219627773c0d4308df983b
IVPAZ,26cf2f413c39be21ebcc0a1d0c2e6f6b
BMIKL,a2e9879251db6030d5c0a87a27c7ee36
WYNJE,7ede5e834192dd46ea1a94f53859e40d
RKHUP,bdebeae6b470cab52922380224089c75
FOIUW,ab778c70a11ff84840c647649f3047bd
GUHHS,58b8ce4f925ead5fd0e281a391a02ee4
WILUV,10866c9b3d835dd79c027d7c71bbbff0
JOCVO,1c74342a9fdaef0c453151869382015e
RLMVW,05760ed778d37cc021355622331615d1
WGIMT,2c0c1c5e01065b18b45093ffcf1df5d6
AFJNS,1ccd0ebfc1f8f1b2e1386c7e0b00f929
VDFZY,46f47212c2560829b51f79ac1205cd9b
VDCLC,0909deaf51377f804d4672429afcabaa
JUEYN,68c098bdea328b7a311d12d8c329bdf2
ORKBM,c068959ef75fb0c72ba0fbf5f808cdf2
PSVEA,c7b64e79cc075c2a5e2f6a26de8cb89e
SBCDF,a6deff033858c4f0a398db5b1a661798
RKSJH,f754cce93bc5d1fa57317589b9837b4e
MDRDO,ff8e43d399ae04ffc444c804bd4f243e
ESNHV,b34b8de4080f28498d3998a88fdf87e9
RUTFI,f8ef5fa392942a35e221efc962a51bb1
OTICG,b80d0267f9675a0d531e683eff312257
QTUZS,ec17799b1a86d7ab44ea6509aef88c17
DOKKQ,984b9e4f3fe4d223bd4aa80c5633aea6
RNOXB,845f6f537e01b93d3fa53bb4c342a4e7
DLEEF,ec4123bb5ed275b2c38d68aaeb2b8427
QJPPB,3cdf8692d7f087b618ec9055955ecaae
CWIBS,40cf55e5ccaf2578b42d86fa085221ea
VZGYK,9a6b93a7d891cf3ffcaeaf1aa30bc608
YFPRZ,41e155b0dd3f96e41f73ffbcc4e2a6cc
RBBIW,2dbf78c6becb09e02810ab20626efa06
LSQCL,79c0ad2757f78b15ee5108ae566743fd
IABMC,01289e8d41caaac4872c26ad6792476e
UKORU,bf6c492813c1ed53956b2dc313181154
KVARX,f3b1c788a1184cabe513555cb657c953
YRYTS,c0984c32d1375309438d8d252502d530
QJRVR,77dd72be497049eaa272501f2e9ff0f4
MXZOK,5fdba77899e8555d767613c2424d34eb
TNNXS,74b26b2c149b9a1ef4673833df77b94c
LFKAF,d9b71bbd15e46009cd84cb51aecf81cf
QFEMZ,7f13d80bc2c65fbaa4d4e32c2fe0146b
OVMJC,eed64ba84c7ab269511bf588e178bd82
LVYFS,f344c69723c4c6a7c774f64dcbd747d5
EWEGP,9a42c21cc14d1ea8619e2de2ba93637d
LWJVR,ef53dea87b3db01e5ed2d6302fc340c4
UWVGV,179f4802edaf40126c39a6cf659a2e5d
TLFTB,4fcbe3a3c9bfbbe3a2cedc5a92ff1344
XNNWG,d5be810f08f7109f9995f374e143f40e
UKTPG,b6ee60fa127d7b6320adb1a7687900bf
ZGSJL,e0f78e3b401ecd53bac0eddcd5e652dd
XKQZN,8f4bc202102020285f7549f55ad7b296
SJMBS,8d8d69c74f20196a10865890ee1d1e23
YPFEI,480e8e51ed6503452fd82e0271953136
NFLZU,99b478c820f695a2543aedfe3a79d6c7
NZHGP,13efebb97fe5dc3e07436d2dde44bec4
TOWWQ,aa0523c3bf22eea5bc21aca35415d8fd
VXIJS,f3272468c2f935da97954a22f69919a3
DORNL,8b1d62eaf485f25ad4db4551f64a8828
XWPPN,c9e64d6f1e22040c462643af5dbd8999
YJQMJ,d1fc476caa213262ca9708c393bfff32
MFKUK,ff3bf13ffc04714951bd1ec120385da8
QAVIZ,ad62373d4f0849e5714842e05211c22e
DLCPS,a93548273ae54969dea0b7eabe37ba19
USYUP,8d2a643772a0bdbdc97ab5673427ab9d
BNEQE,9a51a11a3c168b52a7ce03f7daeec281
FDYMZ,7aed067a099cd038f311690eed4917a8
QBBMK,6ddd0a32666b97265a099fce53e3454c
LMGUO,92d492f7b7876dc1d927266e490ac9f2
TSGLE,196d577a9cb6a50f42c93dd7e95df811
YFQHB,11ac3d3316210b356b960025b5c47ec8
SOMHE,3e9af0c9407fbeb93d0b65136cc3fa0c
RZWUU,d0aa0f60c1a07110cd7932a642c27c9b
PLBWH,bf3dcd650a41deb0ff0d18f83c6b280b
KCIWQ,83761731b1d9cc30e0f68f6d4adc8d22
STPGL,9389a5149a18f4271abf70e22d952daa
UUNBG,7a571ac5b0e01dc7527143fb3a028f10
LIZOQ,030b22d105e50d7437ed10d446b3ddf3
VQGGG,45ccfb03034e230ef7ac86b8ab847203
DPBPS,42142fe8d690c7feef8f298573618f0f
EXDOE,147e857f7f9c31df14a507fdf45b8328
OCOHY,13a02f6caad104a9f931e3e841e6f0ea
VEQDW,80b890d872c328383555aad17b992cbc
HHYQB,fe568e6eb6a0984d1d12b0ad8222f08a
UMPCU,7b7bed590ac01ff026c2adb40c002237
QCXGI,e13de786ec1acc27353900510f574edf
KMIYA,272b8117b3e3ab7908d1e4f2c6fcc1d5
UVWLW,e6621129d03d75c026ec0d6afd887433
SEGHA,abb4beeae1365ef2eb95ffbf6b33ce24
WNOUG,8fcea6b222dedc29787b5337f252b50b
PZAVP,d291cf4a143164a336501bb19f4329ea
NSDLP,0a54750f4da72f05a7689c250163350d
FKNJG,0ecb5d66706984b3b92495be9e03948f
QAYZY,e7c8b18cf3cabbb5694b4468a2330112
MBRIF,a30729407fc69c3007bc4c9979bc16bd
DZNMP,086f4e64321816566e7f0724cc0ee060
LKPDW,d816d9041cc40283ab8ca4ec2d9afbd4
ZZKVB,af77e84ba3d6541bb4beb9f0aa58417d
TAPAK,b732a3fcf26cce14ad2edb3c8281728d
DGDXD,6bb6fe468df6091cbf410add1ae0f6b7
TQCJY,591a60dd8509a3cfb84c77a195431498
LGZPI,bb99740f8eb5d0e1849060470f365a20
QLCOF,6ffb3c5e7ed8ab2b94d77be3b9765771
UNXKU,01a9a2749c9f259414305ed116c0233c
RAVDF,a65dd4811b3fc7b74cb14d96696a5ec5
HFCDZ,30a4644e685495380e7566213e97406c
YOPUQ,462735dfbccf6bd833658acec4500ccb
KFWYZ,f745aa8785d56e85c91c7c1b5780ef29
NKICR,04e00b3826b2a303be8525efcd0fa8e7
BUARV,7015cf7a88928dd278876cf64bdecfaf
ADHFK,529de104eb7e8410120f1b42fadd7a66
VQOCQ,eb7e0d240b16d428a10d9b4572d06c96
NDMRH,f701f2f28bde433784f411710bc11f77
WYVEE,60c706e3e0715fbd7772a4b68a719d54
FLDPH,9f8ebac1e5e00bc2a1ef204ef52ff963
WFPSV,1278b258fd8f1474ee2ce6f7b2320589
LKDQD,54ac8688926d01e0962e22e17bdc1e6d
RKUGO,3af49e1c519345623583dd2a1047f142
TBZUP,d3c5abb5c6435d9f87f400771607b744
GAZLR,953e203eaf1408f6e7a02a1d651be43e
JUBJS,a834fb5eac0f0f923a36e42363e6a696
KHJVS,fa508170790c0492906b85252a966e32
ZCFHY,e04d9c75490b20df65618ae2f20a8264
GKACI,a3504c77e35b45adca0490a5484972dd
KWUGA,b263b72559c3246c8febd9467d69d3c7
UGNSP,c4238fc77bf2b5a66262e826ab849487
OSEEQ,29f7463f93934aa860b74029d4adf474
BTDHL,e5ad248e056e2ce0808c4876e312f495
LHRBM,5fd7a0ccaaa184926523c6e5d89e31e2
GGKAW,e52e45ecc4f9c97f8d54aa48b8d84977
VSLDL,23e226c665c5be5834a714feb901052b
XFOIX,3584977d77a8bd462c0da38792a920ba
WHBAV,51bdf745d1bbf5af71e408f1e91db13d
EYBEH,42751f7a9d9730b6691cf3e6c4d9b57d
HWKRT,e9e7a6fef4003caf5d5be2ca64dae2ee
HUCGW,0e09c081c3b6c50ff32379045292f857
HQIEE,33de2cdb580333376ee7ba49d66ea093
UNEKF,68e6a590bf5cb372848ef031c8ea42d2
ZTQNZ,9ca83c8af278b091ed5f54b84cb70101
ZBRMN,eaf46df018519babb9cfb024b0f8c9df
SDLQR,9011fc3a0b2ad874678220091c42118e
VELUJ,e025d3e08db139bfc59e5e9d305d02f7
LIXLN,f1b4ec82daba2a60e5736d7c40c02cf9
REHPJ,9cf87ce9340857b71b12663ca58cb077
WUDUE,5beb96866612ae6a31cd3e3d1327f3e8
PLPHE,48f351a420edaeb393177c4f30b9a8d4
HHBMU,2d9d61cbe5d5f13f65a92a9b7e69f6fc
ZCWKY,6e8886110062e1ac4bfe3b4ed44d93ea
ZBRFU,c0a2ecb42e965082c9aecc81c2c11459
RDPRF,11c0a3ef592e815ef3d5eeb8e7c229ea
UKMFQ,a27ec614da426a8fef43cb29622b74f9
ELGPK,f5667213c2d169230ba5c5f70cdbaf5a
DIQWC,84bb25f0fb93bf50be1154373555e4ec
KMHKQ,b9ba80e370811285928dc2cc9937422c
YRRGF,13455aa67a81f05310eadf3af3dba0e3
SELUP,c992ccf558839df8fc50109066925070
MQMRQ,6f57b5cfb5b8363f28d41f9b435a1b51
NHWCK,c03f7d7c3af186ce64727c5b06cdcbf1
KHVUH,47149b3b0d75cffa1ca58a30bac88384
BXKUR,d6877b089a4b959749b0f2d9071fc610
SUMDP,47acb40de6dc279401f42cf20e7e8a57
KXAOF,e1309a5cd1cae6bd85af2cb9e51211c4
LJMEO,8cc5d0b4fc675a43ceed585b262e462e
EPHZT,1106cc8f378ae4f27a74cf11c706b07f
OTBOF,4d70c83c9f061c39e038ea7a4a92aaa5
YTPHC,ab82249cac0102cfa51d423f093943c6
YNYQO,34a13fdd0438c504700b42f589d4e414
RHDID,8fe73c37ae455a9ffb27a26a909fe269
STSIQ,0d55780d7599dbfe5b064eb5df1b60dc
ATVLI,287f13847f4f88800386f38c757cb6b0
EFJAJ,b066d074a24e009f325104c85ab45682
TXVZD,182ba50ed5364e10b60be87a2bbce723
MEHEN,e389be2192a160d0d3a221665ccf8bec
MSQIE,c95f39c7ec6b056c677bc57368933c0b
QSUDI,c86dc01e0458893216181bc24d540077
BGJTQ,8878099cef0029fa1f98015bfb2c6935
JJFZL,e977ea17c0352120872268ed20ef926e
XYXWH,77d5419b6df27f9e553bc1ad103e2510
GBRXD,a495ff739f63085e4422ad6b38b5f456
ZARDO,198af1a9269f3e0c590fa49eeb00c2ca
WDJJV,2868d0ae6b377c9db4b0cefc0cd1b172
LCGAP,ceb6ac3858b8a93ca2b663e7abf0dddc
KAYUS,e0ef4a4987f52d40de2c48d7d9e1f280
PEHTQ,e00764640acc88bc4fd1ae98d05cc470
RAWNF,77915bf61315d036d66fae484e88eb65
WAXCK,bd30d2e16ba8c661af419f89fb01f217
ZTXCD,1e74002be0d66527aaa6ca2ffe56ed21
NAYMI,2581fc025c7a8fc8ac32de3539ce0d61
PYOXZ,5c3b36a9a16abd1ae6b870331b982ed4
EBZOV,20b7f125eed52777b7f29771c57c7781
IMVFD,f35c083378cb8f635f4859374ecd5b15
FRKIC,4010308938644d32ff0e8324e7ccac47
UJBOI,a5e6643f4f03fcd97b30d41884627408
WLXRW,d21ece3d82abb9720341a28ee67fab36
XJATS,71562320e0f18b8442ba45f93b438c90
JIUYM,686dcb00f83e1fd05691bb70d383b587
ZQRGO,871865ed53ab4ad964407e8b075e3b73
OBMYP,4dc83160894920e4d873f8c4dd56dd66
MSYJU,36f4566ed72207091e26bb02d143340e
YRWQU,aec8841c6c48d8b0041d4f6c9afda5be
REGWB,059bc061cccbbd504249408b5969f758
MJYXF,42f218d82f0348d7bcf17a8497a26a0d
LRGEK,900e11e1f967fabf111c59304e7ba2f3
POIZN,7ba5dfcb48f7e93b7c930a9b5d0078e7
PGERM,49b2b04e391a0f3f4b6fd1930ecfbad9
RBCXS,f512414e648bd9d89ff371ff379a09c1
VFTFH,fecfd4c7cc6d2b1b22c69a6625c6d02a
DAFNH,84a5d9b0dbd5dcb20954d8c8bf6850f6
CDWBQ,a312b9e1f5dedb29d3ab1c1ba846b515
OBGEV,6d4f5c88630c9ec8b1a86c0102bd7b66
SWJDG,21037aac3ae7c3e30790dee057055762
LNQPK,bfa559e1133b5fe77acc09a295011071
PJJMJ,0d5a7eee666494f234c8ff679313ed3e
LVFRT,02495390c95b1916f25b41400bd6b320
LSHGF,8dc94d7d47bd72a7939ce60389187d77
VWMCI,c402d8398765f67f256e24d55b273d31
GUVGJ,95c74d9fb59a4d58db6c86abe0c053a4
LNROH,0338906c465e846a64b5c6a914f50061
WBXPH,fb073eba5ae3afa4cdb92ade6b9f6ade
TJGEU,96854e70258e637429d8b6c18e7d96f3
OKVOB,097ec28c2cb2f482f02b000a06bb672b
KCUHB,4728af617f7a3059cae47626250ac78e
YMDMS,211a4cdcb7f3dfd0fbc00b73e288fdda
JYBSL,0abed16520defb0e597e7efc557833dc
UZNYA,71198debda58460b218d2959b9cc62f7
XHDAX,98e4394a10cf51c513b3acc8f7368e26
KADPF,2e92a2caf28a83bc69e7662c6fe35ba1
QQPWX,456468080c5840035e5134ecd926f2ab
IDKED,f667eab86d0e4c790e45959c4a7247c7
KISGO,6fac6847c750e9b9d0d6a16e6029b904
MITKL,8cfee9a3d6de52618afb5787c5b28687
WKIJB,7a93bb1498c18da1690b6cd1c0a9b7f0
AHOJM,01c0ad2303d7ab66418de1ecd1169249
GPYRI,47e39e965a223f47b7343d204bcae0e7
UOGZS,52f4624aafb53d3cb9557c465cf7bb00
GOKVP,c78efd209c1988430778b0af8151d844
KUGDC,9ca669bdcdd766ccfbb9e046a17c1559
YQDOA,ee903614ff3a57c63fbb5d87700a0926
LYKHT,942223dd3f759dc45cfedd97fa19788e
JNPNZ,0e47037370958b2c3d09c724177c6e7d
ZGSFX,36b07c11f427d3ab6525fc3cd12dbb85
KXWQM,59074208331ae89ffc7e1772d2709b76
BDQKN,0ae00bb3392dd6c10ced2c6bcd626bd7
AUCCD,4c8a9c86d94b91adb0e8b0dc3d77a0d6
YRGGF,7d25e213dd7a76aa77747595e6917e2a
LYMRJ,d256db03cd9ab81a5e66ebcd0cd50368
QTHWT,8c9ee931c5698c2b1e332cd73d30b689
DWMEL,2a1e17af8fb6f8d1050391bbf3f87ff9
VYISZ,6f120f7f8ef5f8b5cb882562b392fa4b
EGFYZ,b0e8e66480de9d90a7ece854d3f48877
ALWVQ,73e9cc3558b94710407a5da5c5bcfc3b
IUZHT,8e29c4be3bf5c8eb21e382ead7526b31
LGDDY,9a0ad3df454f207be6804e4598670c1f
AAIMM,21f894dc9fe5776fefa35337059a2757
XHLFQ,a8270602905e78a32822c5951a8cfefb
EFWNS,fe5123384fbca26a9fc4eecc734f5ff9
GRNOH,f69934859f25175b1c2dd4411c6c575c
GOMRI,58d971cadf6900b55237b9a892eb8826
RYTBY,ace8cd7fdbbf4d8e1a0e3f3c3544f64a
ANMLG,ca361c049d4117722d396b7ff43d6752
FGNRT,0da902d6814ea9a7f65ed644c2656d5e
VSYEW,ce14de5b4b195681d565f8847defed7f
TQNPU,b94b0fa7d3f2be863e384b3ce49daf5e
QCKRC,2155bf6f8320df4cd7ceebbb939cde2a
LFKMA,05c9e223d8240f177d78307320b6163b
GLRMC,b8b4d8f8008bf6a4eb86714932990da0
AOGPA,2ebf262b16e63a02eb27fe86483f44ae
WUXFZ,cbed4d57b7742840051e77a0b96e93ef
NWQEU,d63d2b536cdc9d8c7c62752e2fe457ab
GBJNR,0517ef8c260b605b4b3b52bce8628056
AXIDJ,d41bc9817be861d76354944e8a4994cf
NAMQP,305942830b8578691b9d8b2ade79d392
KUEAU,648dfec8c42a49efde4109253ea7a1df
NRQYF,1270167102f17355f69d00fbd59f77ec
NUXWG,37b8c470b72f406eb59234aca2a6750a
OVKVX,1fda45a21966ac4ef523efaa5390e51c
OFVMY,e1ef1a4190d5f2d0805dc2516e895a6f
RKETN,007303a0b61b3570d6378b237a983552
ZNTXC,c73b0c1743974548762db1c0f4324e87
EVPLN,a1d308c538147082b3757f6f9cbd8008
ZZZKD,9d045a76e938b9663d57ddcf4ddc51c4
TSCZA,e6a2bb1d6de219769c646f60016a9a06
ZDNTQ,9eaf1eba38af8eae6a11c8179f009eaf
TYNTZ,e7e85652d2662e83f2ccdb4b067c6c56
EUZPX,e7fffd351a7098917cf7b0eea6e44d21
RRBIJ,e5287d531f0e2458cb838b61e997245c
XSKTM,3ac563a38a1359e4d72fd267c12d0489
MIMAS,e590abcfca51e9618e3c5dbae5defdb8
QEXGJ,d9d4048b73303d3822df0d061efdb730
LLTLJ,4b73b2f899469ae55e730b0fa497aebc
UZMSK,238e13daed316b643af94fc084d89a74
NJLGY,978988abc3e0acf669ddf46e86cc4dd1
PQQBD,0f768f059f9cc89f22c36eb7d347814a
BSYRV,5b749941dd4009b85882295732b4ebcb
GRLFV,7eda69ec0cc7d69f0620359f86e9ff16
JGDBI,ecd8f9109fc97967ac4e37c432e79308
DYDBX,dd8ceab0392eea49502177e4bac90ff6
CAOID,e311cbe0aaca7228569da3421ce745b6
BNEKN,c9cf3b4f1ca19474c870e6d45da93e99
FOXAX,47fc3ea34e897164f01db3791f6cf61f
WSKFS,a9e091af514a6b8796550f35f1a4b43e
IYNHR,eecb55011ee8ba360ac945408cb1859b
MKVAK,dcd11bed73304d44f94fc8cfe44abe14
WHNFU,3986e3b2d59d94fa2dda5636af7c04eb
UOGXP,f9e0d79148178f6394af263a75db0138
BLOMK,f183c00fb0c22253a69b64d9cd10a28a
MKLUR,519fc7bd6223e01564d529e7259378e4
QURHN,a775120666797accd45334a7289fbd9a
FZOGE,5f97e6ac39fe7928bd086fb16eac250b
UGYDR,d0594dd585a21c18fe5c3fda386ef9d3
VQVII,8afbb12c1166878d4f2a68f151ad6994
ZWADT,7f6af9bf8b5a38d6dabd8c7558f5dce4
YOIOM,ab823c6f86ce1c0c8d9a2e3069246569
TPLTH,dc6af5ebff4fc0825520395a29746b92
TMOQP,c43cb73fa86599446f38f49c4019c71f
BBOFI,27ecf9ad648c5fdd734ffa6943f5b52c
GPDDD,01235f0aa2fda7e7db0835ef5377bae6
RHVUJ,7f04d8f83738302568c16aa846148b9c
EPALG,5fc21470c7b3e5b535b51fae1d5e4aa4
YJRHI,5d1c745860f256ebc7f4cb07e4fe4c60
NCDPD,d05ec93e3335fa04959817cd7e09224b
TIZPW,6ee063d710a3575a77c271f2d81c9cfa
UOBOF,16f85bbf22d13b7ddc5801c2f3feb93e
OAYZJ,32cfaf040edef99c52dda2c657dfcae1
NXSYQ,90396c4024f274327c94942b941b3ca2
ATRZF,67c440eee7f72948fd06153c0dc0577d
VDFRI,dc4aed0e13cabee772a5b77cbdf408fe
CORQO,7156243f6e58701cc738998101026a3b
LKWJF,a4ff46c93094bb987e02d4b67baa7f35
QZSXM,8e5b928247d3fb41917161e722e06332
HEKIM,112a70544eb940b98c594e2bed711997
BZTLX,be97c12bd6d11fa0fbc346fd81db6223
DNEWI,a135f61d284254df0dc09775a17f52a0
AZPWE,182a4433844bbe2166051ea3b1d9022f
MHQTV,998cba27c59257726a1af00932068c85
HFOFR,5a9bb218aa98f8e647cf637626de18b4
JPEJH,38404d885ad71f51511bfae32822e485
LVHXQ,c4810ef2f68a3c0c23c6b925f1402c65
MFTAH,2568d3e66443bfe93758233a7e420aa8
SUKXL,74cdefbd792cfa81b2804bc17b2ef3ec
MCFIL,19eea411895e1f9f137bfa122d36dc85
EXIZI,a764e62b4391fbef53453333a8dbca20
QUQES,229654db45af1fe8aad5fdf79b34a431
PBYEI,eabadc458cd80a911a9dadcd0e95c76c
IMMDD,333b5322a826c0a4877ba01e72d0b792
NGWKM,b825110727725d328ca00ecfa42d71af
YUOKW,e36072e248cb89ec2101e7c7e5200b0c
AEAUV,0cb208b9579e73a252fcb554e6dcca6b
PRGHR,31ecac2650868671ce77360fa9345132
PSMXK,e282b21f8739a1d90ba5a1219de5e400
LLKWE,b9f5988f77f14c63c7c594b5753ac27d
AQSCU,e38ea92763af682397b89de4e4bc8af2
WSDLU,f58e6a0b6b158e4043396b759500f939
QQNJU,131149c7e7d87e21678bb201edfa5a7a
LASPS,e4848d0644249b7eb7c100d46b991020
PXKTP,7f5d1bd7cc643a3399515113a3f7fc3d
QIPHH,90bcdb873fa56f9ed767e418d7401bd5
FLOQH,c6ff77f188cfad45cc6950a22ff5b30b
GHHCS,a2fb9036ea96cadabc80bf652f829774
QDXMG,7958e0f2f4766a80d1b3b9c19f927cc9
ABKHS,ffdb1f9447a3d206b7e9e3d753203389
RNCDI,8893c113c455964853ab18dd400d3d6b
CMCRA,16903eb1bcee69f065a31a7490fc174e
CQBEG,a03965bcfc3be11ba7d7b12321f12dff
BEZTR,ef28e344520c2f0edbdfb9b03cd6e3c6
GXOKQ,35d09468b8849c30b3143823c1d73003
SQSGF,84ac0ca63e7ef31ecd3f282f398b662e
JRPPX,93609c2ce6c67034cf968d0a2863c9ff
AZTCE,4d277494791fac6d401ca4f2430fb5a5
FVZZK,380e125c3d537ccee668d49696bee717
ZUWLY,ba6b72f5e485449b54348e9b89876a5f
YPFWQ,3530219d412448331f575d555eb8592a
MLTZB,59049d14e2e5be0683bb6e85cd2cae2c
HTRUS,7208a5382b1455681eef017c92cb613b
CGWJM,857b1fb26cace34ecf7645131f2ee6df
UEPQW,e0ef9701ff059d9ce0a7c1dd38e6119b
RVYEC,807dd7073ea9414f000a9ca2174d1fe9
WXVIE,add3fec03dcf24b6bfad0b83c8941596
ZFYVW,4d74084dd54df6e6c286826ea3e5d1c3
QRLKW,802dcf9413cb9e6563f12ccf4bce64c2
HJZRO,26e807eb11790129ae0d78ddc3dbea82
SWQDC,54bfaa9bae8db0cbad4896f19fd5794d
AEXFG,224adf5323e4d2f6fe1d6907389a0757
SOFMD,8313cccb71b82cc95be99f5259ae1b7f
JLPPT,2683db8e985f8f86d7bb5aa914ebbda7
CBRDG,fa9584fd85f3cb119e02d5ec60665bda
CORXJ,4474b64557aa636b6e8082c597bd7f85
ERHEM,495e20d47890c3d40b71de398b372298
ZKZNU,36a869381af91308cfb9c2ac8c655fc1
PDDTF,c40366c0c3a3faf9d694609f2797e9f2
AOBNM,b88dfdf7707cf412107e51a75a90390a
WEPOD,e1f8af140fbf2f508fb58713b006c79c
ELUZB,e6f1d4130b751fdb7164406da62a0773
PYGUN,990147b5169ff39cd72d57baee2adff0
WNHYP,d3b45280b09d23648d9ddea087a501b2
GTLOS,1db89f9155be1a5f30114db79b1203c5
AEHUU,4e83558540c9cd2b6bc70a79d2bce80d
KZJXM,3ac58bce527eae3b2dc68ca1c294e6a6
TEVLS,59cf222df20f805f35e9ded0e1414775
TFZRF,fdada79047eeec5d33c2a217daa64db7
DXXGT,eabbf716787e44097d1d7c0e22d4b0e1
ZOISH,479a244772fd5d79ac2ef899ff293feb
DHDWG,e5e00d0a1fbcc786ad53bef49e15e87f
UDEBN,239b026c278fa3eef0499b2ee2368b1e
IXWGZ,7c7e99b63a65d8685b6aaa02c72b1094
YQCTM,f6064853f98b74f839df3d23539454af
TQVUF,8c62ca78f15856ed2d0623154f1a6449
TUMZX,42a7cd0e772fc76caab186436f4e8df5
RTJGW,24e55a9b2e904f7738c72fdc89bbead0
OYNML,c6bf1017578a8895222899cc0ebabb8d
PDVDS,624518c6e688cdc5b94eb32de26638b2
VQTOZ,e8eb8cacfa62f9b0fd69ad42cb261756
KTFDR,87b9b45cca390edf4c922363fbff8fe1
